age,income,credit_score,loan_amount,existing_loans,default
59,45426,527,51418,3,1
49,37772,401,460433,1,1
35,123754,716,105699,0,0
63,23712,515,95140,3,1
28,21367,706,479062,0,0
41,126493,698,471978,2,0
59,127317,798,16781,3,0
39,135142,764,403731,2,0
43,111736,381,384502,1,1
31,71924,664,303277,1,0
31,23726,462,480724,4,1
44,109152,347,102628,1,0
56,47723,810,81946,2,0
60,146969,628,90058,1,0
44,123110,415,407311,3,0
23,120494,636,486799,1,0
42,29108,446,156542,4,1
22,97714,622,310273,1,0
44,55643,742,275675,2,0
64,51324,312,304182,2,0
50,123896,793,355083,1,0
58,103360,586,47674,2,0
22,130896,413,132572,2,0
41,28927,779,230730,4,1
53,113680,321,480692,3,0
32,116546,648,296975,4,1
42,42443,619,62174,0,0
64,99973,425,278423,4,0
45,83449,576,436436,1,0
47,129834,503,327754,3,1
62,125314,493,450935,1,0
48,96743,846,261008,0,0
36,141805,585,58051,3,0
35,80233,356,208085,2,1
64,45537,602,323796,4,0
23,121293,462,70524,1,0
57,97576,318,481152,0,0
27,127522,669,273614,2,0
41,42612,563,465814,4,0
29,113977,412,440014,2,1
59,26471,787,320617,4,1
38,55631,626,418096,3,1
24,148449,841,236189,2,0
45,128997,364,49439,2,0
34,112059,591,281452,2,0
29,51348,324,96563,3,0
46,84732,848,232328,0,0
22,21177,300,302225,4,1
40,24760,848,211314,2,0
48,52779,440,448599,3,1
27,41636,487,14837,0,0
64,101889,427,240207,4,0
28,73551,500,450367,3,1
55,31556,426,123128,4,1
34,47598,556,172896,2,0
37,31563,846,169145,0,0
56,66819,493,379795,3,1
60,129326,403,102624,0,0
24,93770,834,491864,2,0
22,111055,564,424515,0,0
26,46966,683,498209,0,0
62,140133,559,194933,1,0
24,101709,713,35063,0,0
49,79889,657,74453,4,0
38,46987,374,259371,3,1
46,98714,654,466688,1,1
64,124874,487,107166,3,1
54,78348,589,19506,3,1
30,44596,344,230413,2,0
56,53174,382,478070,2,1
34,84106,422,118604,1,0
51,127510,657,31026,2,0
35,89967,827,425888,2,0
28,79182,365,436633,2,1
34,113300,674,319557,3,0
43,107163,461,260116,1,1
60,59310,679,332210,3,1
41,76088,657,195285,4,0
36,148803,487,55971,3,1
38,28906,621,425497,4,0
44,56914,749,118978,0,0
46,130350,773,164163,0,0
45,65379,312,317638,4,1
61,98612,483,108864,4,0
49,134828,410,416826,3,0
35,147445,807,399295,4,1
21,57650,589,100386,1,0
45,66881,594,444967,0,0
27,66413,750,91126,0,0
29,26012,514,453648,4,1
44,70115,326,167023,2,0
21,27151,530,85863,2,0
64,77716,620,345435,4,0
28,113747,532,130659,1,0
44,112653,736,195944,2,1
31,56378,832,12235,4,1
37,62652,702,349877,1,1
28,92430,352,67712,1,0
55,33467,612,157545,3,0
55,51010,580,203639,1,0
53,148647,330,242890,2,0
25,141999,636,130849,2,0
62,134793,482,260493,4,0
59,74691,322,84823,4,1
61,84157,843,109215,1,0
48,128177,745,246071,0,0
27,32289,373,37230,3,1
29,64976,309,351717,0,1
28,63596,783,228660,1,0
32,43171,755,467092,1,0
54,120441,459,307788,0,0
53,146296,313,184736,3,0
43,106365,477,312347,0,0
44,138218,711,333821,4,0
57,119590,352,423641,2,1
55,134014,707,128246,4,0
64,64139,321,89817,2,0
60,68713,329,243657,1,1
42,49734,559,222033,3,0
47,92588,504,236414,0,1
55,83646,358,261812,3,1
21,23654,770,495865,0,1
55,109022,765,336950,4,1
57,38743,311,309958,4,1
34,68368,589,75219,0,0
23,110025,653,447862,3,0
21,94172,374,175956,0,0
25,26441,740,362489,1,1
46,139735,540,262134,4,0
34,44611,453,367232,1,1
59,139891,395,336466,4,1
47,127971,593,26650,4,0
29,32149,508,361386,2,1
35,120102,642,407406,1,0
35,79189,387,305340,1,1
46,127904,689,175521,2,0
62,41675,624,175733,3,0
33,91031,456,296853,1,0
52,62668,436,247037,0,0
59,33673,727,85428,2,0
52,149582,751,211251,1,0
24,96666,440,14943,3,0
50,108204,382,179312,1,0
57,100758,476,443976,4,1
43,85429,497,26042,0,0
59,43669,720,257842,2,0
35,54068,700,311038,4,1
63,108789,770,405085,3,0
49,29435,517,459294,4,1
56,114088,474,323903,4,1
33,72249,322,373117,3,0
52,57384,534,311450,4,1
27,148782,312,375513,2,0
42,101929,400,191443,1,0
48,147959,835,156990,4,0
22,96153,822,295523,2,0
62,124056,751,387811,1,0
26,95388,730,489026,1,0
48,51401,832,219304,4,0
48,145511,592,401178,2,1
64,91831,400,149923,4,1
64,139503,801,384770,3,1
40,135760,603,443963,1,0
50,121529,839,392324,4,1
31,147834,654,319493,1,0
48,54084,602,206904,2,0
45,140387,795,192428,0,0
59,130641,526,150817,4,0
53,125111,535,10730,4,1
21,75826,754,412137,1,1
47,56451,312,234502,2,0
33,27227,509,207210,3,0
61,51910,696,219183,2,1
23,56041,399,24023,4,0
59,108920,330,443565,3,1
26,85681,827,131796,2,0
28,123314,628,348677,0,0
47,101571,465,350430,1,1
29,85481,758,309123,2,0
57,88576,399,289981,2,0
53,127958,472,413213,0,1
62,149265,461,372119,4,1
64,147556,562,486819,1,0
44,84174,573,181111,2,0
35,46160,302,25923,3,0
52,135170,327,276020,2,1
52,137867,625,328117,1,0
44,37633,448,401103,2,1
61,114880,839,199795,0,0
32,37014,787,309566,2,1
59,100532,737,238462,2,0
22,69104,364,56413,3,0
23,61621,655,369628,0,0
57,97231,832,401057,0,0
37,88388,551,260719,2,0
22,36014,534,33756,3,1
22,112578,526,338720,2,1
48,53755,824,123248,2,0
43,60390,612,277448,1,0
57,43711,348,35341,1,1
52,111658,417,402974,3,1
53,77993,353,415226,4,1
21,94696,343,132039,1,0
39,47213,352,196830,4,0
22,135788,824,167730,0,0
64,124956,401,185074,1,1
46,77784,697,239390,1,0
52,27421,437,137447,3,1
26,106936,686,104485,4,0
52,119073,410,289236,1,1
24,37727,316,136562,1,1
31,132418,481,8729,3,1
37,24358,835,142046,3,1
58,85108,840,123222,4,0
44,146609,470,352360,0,0
25,114018,708,88860,0,0
54,144457,677,263360,2,0
26,52117,487,364014,1,0
42,108700,529,26398,4,1
31,51910,418,301794,1,1
36,146888,455,419508,4,0
53,118032,764,499507,4,0
29,75754,403,108889,4,1
26,82438,801,270303,1,0
36,129847,474,365306,3,1
49,49371,720,460982,1,1
23,71501,433,230959,4,1
40,80946,690,107834,2,0
56,58467,800,415281,0,0
39,37625,332,26638,4,0
46,53893,354,268217,2,0
23,96329,818,444727,3,1
39,51007,311,220379,4,1
40,111302,827,237069,2,0
52,59532,672,34320,4,0
27,74253,783,468092,1,0
61,32323,527,39924,2,0
53,131335,606,217792,1,0
60,132356,756,438950,1,0
59,130944,459,335260,2,0
38,93379,630,176097,0,0
60,34210,524,492719,2,1
21,36456,803,7159,0,0
31,51367,755,53940,4,0
48,74624,344,84436,4,1
45,30106,513,475192,2,1
43,123493,358,19678,4,0
51,88008,494,197147,3,1
50,145926,788,445420,1,0
62,135395,456,410237,1,0
55,136492,525,142844,0,0
27,92240,711,72163,4,0
36,84315,504,246040,0,0
46,89249,378,209827,1,0
22,90587,423,159536,1,0
21,30756,770,56137,4,0
32,88011,517,428448,3,0
25,56378,815,328641,3,1
57,24255,403,472240,4,1
52,34484,692,105485,4,1
29,145703,733,245970,0,0
61,76549,630,449664,4,0
55,54503,442,110468,3,0
39,144465,839,482733,4,0
36,93794,577,5901,0,0
23,145941,532,92980,0,0
40,126283,828,374738,0,0
44,120732,389,481813,0,1
53,65113,791,270025,2,0
44,125730,498,297007,4,0
31,94069,661,247434,1,0
28,118117,740,403838,4,0
56,25249,325,399594,2,1
58,145654,324,481384,0,0
60,139979,693,492063,2,0
40,39201,806,207258,3,1
55,145541,600,312345,3,0
45,78576,638,256839,4,0
55,138562,566,326395,4,0
45,145281,760,77572,1,0
49,29686,755,44255,1,1
38,132413,659,68212,3,0
38,73363,367,317354,0,1
22,117543,711,392773,2,0
55,20661,790,27499,1,0
36,64843,348,107552,1,0
61,115673,401,449844,0,1
56,80963,515,66360,0,1
53,133092,737,402819,4,0
24,62828,458,491525,2,0
53,68604,788,394610,0,1
34,30526,541,352617,1,0
41,88910,304,148704,1,0
40,45592,660,166679,3,0
28,48982,758,96873,0,0
27,20207,547,70756,4,1
23,120969,721,445210,2,0
37,137181,314,199454,4,1
53,108733,421,468570,1,1
32,118936,576,323488,4,0
42,144982,752,451991,1,0
42,145839,689,405565,1,0
50,88619,593,338298,1,0
58,49328,745,32464,1,0
58,66479,509,440840,1,1
28,128427,601,126897,3,1
47,40103,522,304488,4,0
47,59891,302,88791,3,0
54,30754,817,160371,3,1
41,119983,392,184047,0,0
50,101437,819,137534,0,0
53,118540,727,387353,0,1
48,92982,792,86441,2,0
53,122747,534,357600,0,0
25,75922,460,348932,4,1
39,68231,630,242612,3,0
24,49301,632,438797,4,0
55,111652,349,236444,0,0
37,140787,822,469505,2,0
64,146823,791,281319,2,0
48,82711,571,142263,3,1
50,61323,551,350578,4,0
49,38752,389,89518,1,1
26,117912,745,216230,4,0
55,102205,631,333681,0,0
61,118452,438,382865,1,1
57,33395,656,52645,2,0
44,105957,573,244608,3,0
49,141237,318,28283,3,1
51,76273,610,354115,2,1
55,147431,453,359903,0,1
53,111878,689,195195,2,0
41,24895,559,107780,0,0
52,139968,424,428240,1,0
43,135700,653,447846,2,0
53,96559,572,297878,0,0
23,30699,544,5515,1,1
38,85061,749,377926,2,0
45,29715,546,333871,3,1
62,39169,819,233872,2,0
51,145436,440,376308,4,1
23,138413,661,313360,2,0
60,36163,307,338977,4,1
44,139264,777,63755,1,0
52,25782,651,32856,2,0
42,108177,794,78870,1,0
43,149772,726,422378,1,1
22,144481,338,142080,0,0
47,104328,486,275131,1,1
62,135028,392,460748,1,0
22,55585,385,101502,2,0
46,50682,343,401548,2,0
37,67864,436,71323,3,1
60,149992,720,437206,0,0
53,104416,373,277017,1,0
29,75114,847,218614,0,0
63,147810,811,483977,4,1
59,58067,455,172516,1,1
49,62685,554,433556,0,1
62,142262,470,110219,3,1
46,38073,469,10033,3,0
55,56035,621,340468,1,1
45,84977,755,282833,4,0
44,122710,454,114756,3,1
33,110373,648,485350,3,1
27,103362,750,493455,4,0
56,110517,472,267210,0,0
40,85450,309,119159,3,1
21,30382,564,181318,2,0
28,24437,737,12533,3,1
36,90971,546,478855,0,1
34,84612,845,206224,0,0
32,110355,798,247653,1,0
43,81929,428,382972,2,1
35,122411,626,326802,0,0
48,117518,703,305642,4,1
54,118864,658,114028,2,0
22,32329,316,278916,2,0
52,145605,573,356529,4,1
43,45169,415,447252,3,1
42,107468,390,456747,4,1
45,54594,381,255231,4,1
42,96957,623,17940,3,1
42,80631,413,385171,3,1
62,65033,357,21932,3,0
26,83133,453,231377,3,1
35,93165,703,455043,3,0
63,93861,565,459647,4,1
57,72290,614,29648,1,0
53,114031,340,37966,1,0
28,51750,404,425993,0,0
64,115155,492,260733,1,0
64,60461,700,168639,1,0
25,93800,577,251331,4,0
59,98222,653,415390,3,1
24,132020,555,47598,3,0
26,44226,398,195271,4,1
52,26721,581,412014,1,1
50,76154,702,463580,4,0
55,40609,408,415774,0,1
60,72130,498,328228,3,1
36,92909,602,180309,2,0
33,124211,626,201569,0,0
62,75249,453,136250,0,0
50,68895,704,253004,4,1
39,114473,761,484222,1,0
37,25656,431,22118,3,1
39,144865,383,27616,2,0
48,94520,698,136870,0,0
46,83740,408,274745,2,0
57,84309,520,292507,1,0
46,49984,667,7795,1,0
43,138947,446,102462,2,0
29,93822,411,443480,3,0
32,25901,793,370036,1,1
21,51552,804,339977,2,0
21,111245,774,270228,0,0
54,51055,570,363009,2,0
52,57685,720,474862,2,0
45,93965,666,267875,4,1
60,34716,579,137201,1,0
21,134099,582,164094,3,0
36,31138,339,268749,3,0
59,55298,488,82506,4,1
25,71112,463,245313,3,1
42,43429,835,49130,2,0
49,70200,835,427481,4,1
23,91308,303,168402,0,1
32,68244,589,335613,1,1
46,137217,732,151259,1,0
36,134055,770,424007,1,0
57,121268,480,357580,2,0
42,125441,547,206682,0,0
49,37347,578,379485,4,1
34,36920,553,228034,4,0
48,51822,480,438083,1,0
25,66659,808,399109,0,0
50,60108,625,104694,0,0
25,148955,656,24773,0,1
32,109099,690,271383,3,1
36,27967,384,288007,3,0
46,130719,616,318559,1,0
46,31871,511,73968,0,1
41,114299,814,498891,0,0
59,97452,683,65430,4,0
56,94270,641,255072,4,0
53,53613,337,6515,1,0
50,48179,810,102206,0,0
57,140465,719,250282,1,0
43,72188,468,240702,4,0
30,75099,642,412821,4,0
25,55262,605,323384,3,1
56,98213,841,10586,1,0
54,137407,836,499437,1,0
51,38268,411,387563,0,1
30,97866,710,389518,0,0
39,106269,505,250277,3,0
52,80545,484,36186,2,1
21,123483,681,31928,2,0
25,112822,795,234336,2,0
24,92146,678,219159,1,0
36,91966,346,390134,1,1
44,59922,827,354173,4,0
36,99364,803,25711,1,0
22,62913,321,59962,1,0
48,117033,512,25039,1,0
52,124792,609,41561,3,1
47,139425,571,211555,1,0
40,75677,501,496087,0,1
44,122154,331,479611,0,0
32,69841,742,224730,4,1
55,66332,461,6577,3,0
53,112062,553,112792,0,0
53,139863,820,426566,3,1
63,115694,779,252980,3,0
57,45032,309,243540,4,0
32,57846,804,432014,3,1
23,79474,735,233506,1,0
21,64936,410,217489,3,0
53,49794,452,15785,4,0
60,81588,401,77227,4,0
30,90984,490,385824,4,1
63,70331,380,329101,0,0
64,114397,788,70431,1,0
49,48141,387,415513,0,0
33,29074,493,339038,2,1
32,26406,403,252941,1,1
51,117359,395,199844,3,1
22,143279,722,155653,4,0
55,43291,497,322336,2,1
43,61568,300,268606,1,0
37,117539,706,395992,0,0
46,66851,677,200245,4,0
28,119942,466,413727,0,0
49,74823,808,343250,1,0
46,43312,612,315809,1,0
30,63108,717,180486,2,0
46,86918,776,348154,3,0
54,54171,372,77573,0,0
61,61779,440,229737,2,1
27,88828,561,374947,4,0
24,127315,639,124682,3,0
31,118723,607,18386,2,0
49,32411,544,391213,0,1
56,122821,814,59460,1,0
45,137990,636,404437,4,0
41,77009,375,421690,0,1
56,35422,474,120375,3,1
30,62468,408,379804,3,1
57,52371,482,157117,1,0
29,77022,491,358463,1,1
44,91229,364,121582,4,0
55,119071,773,403138,4,0
55,71196,399,248015,1,0
56,100354,843,158778,1,0
38,116774,427,309915,3,0
59,116410,751,57335,1,0
52,46715,668,234087,2,0
44,47605,342,57949,0,0
43,119853,718,468930,1,0
52,51174,787,100558,4,0
57,29956,377,413456,2,1
32,124444,569,489972,4,1
33,96373,614,369416,2,1
43,89252,467,269860,1,1
45,81949,638,152646,0,0
55,82646,492,247887,4,0
61,90017,752,481471,2,0
50,83037,582,471933,3,0
37,109818,635,442282,1,1
40,26548,689,197898,0,0
45,136981,824,156285,1,0
42,123141,539,76916,3,0
33,93294,782,202223,0,0
39,129204,757,264590,3,1
56,43177,388,253090,1,1
32,44022,394,55906,2,1
61,126297,751,267607,1,0
39,140695,727,430189,1,0
32,25542,450,79694,1,1
29,111012,813,418867,4,0
27,116320,675,335838,3,1
48,80428,321,287152,3,1
34,42740,612,75474,3,0
51,79353,818,43185,4,0
39,110353,505,355068,2,1
36,133132,674,267048,1,0
25,76532,750,472633,2,0
55,36052,478,261574,4,0
32,120689,509,207211,3,0
45,67076,799,302124,1,0
41,73420,763,27504,0,0
56,20671,423,59970,0,1
43,20163,412,283910,2,0
36,61424,311,121944,3,1
59,129538,425,361066,0,1
62,73744,630,409911,2,0
59,90331,582,416012,4,0
34,30634,439,178615,2,1
51,24798,700,412775,2,1
25,42420,396,169211,2,1
55,137043,816,125494,1,0
43,140575,368,239941,2,0
49,147158,417,13802,2,0
63,49300,358,472059,1,1
31,109881,332,176277,1,0
38,30749,617,496966,4,1
32,124131,349,301303,3,1
29,45121,788,16516,0,0
30,148563,318,317636,0,1
64,57487,496,296230,2,0
37,113947,749,118758,4,0
58,53361,751,35480,2,0
27,41223,588,188163,0,0
33,92930,440,133023,1,0
60,34056,383,377339,3,1
62,48380,690,183838,4,0
29,46035,514,305881,1,1
47,50620,825,276409,3,0
22,39877,514,119165,4,1
25,145481,702,124501,4,0
49,75316,427,254329,0,0
57,84041,776,338134,1,1
58,128940,703,499670,4,1
39,137360,328,489933,4,0
28,73352,637,282530,3,0
21,50911,660,371862,0,1
42,52784,691,304569,2,0
37,23191,517,126635,0,1
27,53160,501,179326,2,0
45,110536,316,225935,1,1
24,124576,621,58634,1,0
56,84641,817,484933,4,0
26,69723,624,183734,1,0
51,23631,711,354132,4,1
39,26172,617,239856,0,0
64,62080,381,373481,1,1
59,109097,773,497503,0,0
47,110353,767,223599,0,0
30,40281,724,242919,1,0
46,48671,503,473668,0,0
39,142811,686,408359,1,0
59,71431,397,489607,1,1
23,110900,644,413797,1,0
33,142139,507,72443,2,0
48,127210,813,296568,0,0
40,147734,465,355988,3,1
48,112961,321,309128,1,0
28,135463,453,46505,0,1
61,48602,738,107478,4,0
59,108789,594,67699,1,0
21,71399,518,425173,1,0
23,43472,794,423680,3,1
33,69230,529,381156,2,1
48,93616,319,159721,2,1
45,27099,447,440281,1,1
53,138614,407,490877,0,0
58,45431,702,301902,4,0
26,76492,782,141668,4,0
64,116722,666,283518,0,0
52,67684,713,123686,1,0
41,50111,608,270919,4,0
36,125387,433,294532,2,0
41,83936,582,390944,0,0
31,42614,372,288173,3,0
57,112260,780,88981,1,0
56,61991,651,320783,0,1
55,90476,625,119010,4,1
39,137959,742,412861,1,0
40,80920,399,36105,2,0
38,114294,358,411884,1,1
61,83530,807,264021,1,0
34,56224,557,152032,2,0
35,27788,712,131519,2,0
51,48082,751,147429,1,0
21,143287,364,462820,2,0
23,109570,453,369883,0,1
36,121015,565,318940,2,0
43,96816,378,282948,2,0
31,103588,614,132732,1,0
32,36531,547,150698,0,1
30,108340,713,164204,3,0
52,114439,324,275095,3,1
36,64857,583,404665,4,0
28,30142,748,286209,2,0
58,135053,600,368647,2,0
32,68355,367,110072,0,0
44,29866,306,145202,3,1
48,90067,436,94360,4,0
28,130990,463,67287,0,1
48,123634,382,243009,2,0
56,123814,719,187774,3,0
46,145426,372,173065,4,1
28,84027,536,167947,1,0
48,77906,345,251356,3,1
48,48138,561,142126,4,0
57,112601,475,235881,0,0
61,49956,465,112357,1,0
56,127268,669,446733,4,1
47,124797,353,212440,4,1
37,144917,718,34670,2,0
29,146303,806,316256,3,0
53,96295,640,355532,2,1
40,25439,426,356300,1,1
33,67241,708,164379,4,0
48,62533,666,249159,2,0
49,48270,570,203159,3,0
33,98815,678,315066,1,0
55,59279,372,199152,0,1
26,129787,547,360492,2,1
38,43888,342,84335,1,1
25,37630,676,293456,0,0
45,81063,340,71985,2,0
22,138527,469,135744,1,0
30,143239,511,256713,1,0
50,147896,792,455824,2,0
25,55144,338,488178,1,0
53,72161,668,368107,4,0
21,116718,450,176349,2,1
38,145873,410,36551,1,1
52,111074,779,94813,0,0
31,97360,735,454813,0,0
41,70979,346,368169,4,1
46,117661,665,391486,2,0
45,26979,368,181284,1,1
42,46189,598,14637,1,0
47,62600,595,310402,0,0
33,79560,502,433909,4,1
53,98040,360,408040,0,0
54,143257,613,134553,0,0
61,81558,460,31950,4,0
55,106205,630,421704,2,0
21,26910,827,132870,1,1
41,77713,637,5215,2,0
26,66857,603,372747,3,0
48,54964,802,278667,3,0
37,105667,637,474116,3,1
25,45227,849,335833,4,1
51,25978,574,28834,0,0
25,107527,463,301618,2,0
58,37153,742,48066,1,1
23,79765,618,498087,3,1
43,119084,803,277544,2,0
57,128212,686,392355,3,0
57,59071,793,15345,3,0
30,132990,789,38896,1,0
30,89519,372,483646,4,1
39,29503,808,296043,0,0
37,80703,689,295373,4,0
41,84379,594,272727,2,0
34,115457,668,403113,4,1
29,77866,848,76537,2,0
21,36905,486,245489,2,0
33,65838,744,402783,0,0
24,145200,662,79807,1,0
21,78279,422,134648,0,1
60,109489,487,379796,4,1
52,46806,719,475455,2,1
54,65000,551,149401,3,0
48,42168,848,237117,3,1
51,90119,634,253780,2,0
28,58714,391,338936,0,1
59,74093,829,398444,1,1
46,75419,362,488498,0,0
54,69145,811,218286,2,0
23,125432,438,42052,2,0
32,97425,484,455985,1,1
21,112949,504,51032,4,0
64,97811,513,486937,4,1
25,22461,555,300830,1,1
50,34291,434,344125,4,1
50,66804,387,103802,3,0
37,96971,506,461477,4,0
43,113471,428,401025,4,1
35,84946,302,239337,4,1
57,118989,420,177857,3,0
41,104080,684,434763,4,1
34,141719,337,309962,3,0
22,81332,640,367566,1,0
31,97794,320,339071,0,1
59,50841,541,201753,1,0
58,144447,754,346609,0,0
54,140029,602,225934,1,0
58,68758,368,231599,0,0
54,134726,428,118221,0,0
38,96272,495,304477,2,0
50,57643,439,131457,0,1
35,70408,743,283720,0,0
47,63950,582,124875,2,0
54,76849,611,306549,4,1
58,120500,834,361144,4,1
53,48044,576,471995,2,0
44,125469,360,36601,3,0
35,145588,618,335090,0,1
50,35997,351,465572,0,1
62,99751,452,319260,2,0
37,118605,610,499041,2,0
25,43911,843,109186,3,1
49,75533,688,330038,4,0
24,102566,847,170707,1,0
30,114870,476,274609,4,1
37,34571,661,61754,0,1
30,128255,613,234047,2,0
37,149226,396,97850,3,1
40,114463,512,376909,4,1
44,77941,436,221191,3,0
25,78005,305,359835,4,0
54,106250,408,43871,0,0
26,78712,846,198946,1,0
22,63541,338,475949,3,1
33,43387,724,296655,3,0
63,113980,560,348104,1,0
63,68908,725,447037,3,0
31,105457,386,332920,3,1
43,33057,764,254200,4,0
36,84028,375,206239,4,1
51,130804,770,473351,1,0
31,139246,713,311606,0,1
36,75731,756,459598,3,0
28,44858,584,488410,0,0
24,68689,538,239453,1,1
60,64638,671,37574,1,0
24,111598,794,107072,4,0
45,122386,344,440126,3,1
23,66486,700,209603,2,0
52,40567,546,161258,1,0
23,49739,749,492997,3,1
47,77804,784,158885,0,0
49,128821,317,214884,4,0
52,23754,588,221597,0,1
39,47044,713,345426,1,1
41,87260,534,114779,1,0
25,86912,715,23557,0,0
38,145623,798,164132,1,0
48,28706,414,457082,3,1
62,28894,533,339248,1,1
42,38037,839,236977,4,1
41,103986,310,482793,3,1
26,101942,505,142152,2,0
21,71612,546,149926,1,0
25,49725,426,389157,1,1
61,25926,446,203767,4,0
32,124555,417,163097,4,0
46,29496,681,189054,0,1
54,76447,711,46081,0,0
34,121604,662,402584,0,0
46,49806,808,235693,4,0
47,108199,436,386325,0,0
29,61321,474,294238,0,0
46,142041,588,444256,2,1
42,122031,780,333910,0,1
50,85095,318,350197,1,0
63,42656,494,160063,4,0
37,75147,629,268445,3,0
46,111396,474,164682,2,0
56,69666,748,86463,4,0
21,102368,653,170750,4,0
28,58787,798,291610,1,0
55,133767,440,478656,0,0
35,82946,392,439091,1,1
42,41727,538,31081,0,0
34,128351,504,29354,0,0
46,115081,732,98297,4,0
48,142721,544,285444,0,0
43,130058,616,69384,2,0
34,88056,594,362171,2,0
44,23081,581,126684,2,0
22,54196,316,328036,4,1
46,56735,370,40525,1,1
34,124749,568,424748,3,0
27,100102,624,11464,0,0
23,99578,604,21562,3,0
43,45498,750,374536,1,0
63,96865,306,60514,1,0
38,51656,613,380572,4,0
58,87695,402,117564,2,0
55,57900,492,375191,2,1
35,148392,828,472435,1,0
45,137235,470,37634,4,1
57,104899,836,267204,4,0
48,67701,550,276413,0,0
30,128777,686,199215,2,0
59,39033,506,28065,1,1
37,143193,840,270039,3,0
59,30805,715,348003,2,0
42,55851,679,148424,0,0
46,46832,443,447953,4,0
64,83437,324,109127,1,0
45,135725,372,101426,2,0
37,33944,392,430232,3,1
33,39873,804,197376,0,0
40,60372,635,16962,0,0
45,109464,724,38302,2,0
24,35379,798,352526,3,1
30,137322,663,9011,0,0
23,56751,498,396860,1,1
61,120082,712,24782,0,0
38,109822,638,203763,3,1
56,25110,728,125654,4,1
42,74341,438,437941,4,0
54,32087,841,14196,2,1
28,43762,356,48459,3,0
60,135812,531,92245,0,0
64,102617,734,83863,0,0
39,120483,683,390350,4,0
62,29596,493,255463,4,1
61,123555,833,368154,1,1
57,127539,817,37769,4,0
26,38313,484,374673,1,1
46,133175,591,261433,0,0
54,86549,634,29700,1,0
26,134914,415,251864,1,1
57,43705,348,216428,2,0
53,87364,381,474643,4,1
42,93445,632,236237,1,0
41,123892,634,272413,0,0
26,98645,831,388775,3,0
26,22023,520,311024,1,0
24,139654,622,119003,4,0
50,79796,302,144392,2,0
31,100073,505,54589,0,0
50,112197,339,255606,2,0
51,84429,358,212348,3,1
44,124195,806,40897,1,0
29,81627,421,194637,1,0
23,53848,778,167002,4,0
51,57804,395,193305,1,0
60,35379,713,218893,0,0
57,79664,534,281524,3,0
56,47766,361,212968,2,0
44,129126,555,75934,3,0
51,88099,647,60830,1,0
26,56060,423,272673,2,1
22,114733,781,257364,4,1
40,89122,616,361742,3,1
48,36087,803,238294,2,0
31,68868,347,87987,2,1
24,139119,708,54178,2,0
35,43225,435,143009,0,0
26,115286,500,389096,3,0
50,26643,549,44886,2,1
58,113059,613,54699,3,1
22,56727,667,81396,2,0
35,31005,728,95678,4,0
31,129079,779,30279,4,0
28,85697,613,436322,4,1
46,36029,799,115776,1,1
64,135281,654,106444,2,0
25,34226,784,373444,1,0
26,83646,510,118793,3,1
46,80603,343,383422,1,1
24,48731,840,215809,3,0
39,129458,391,176616,3,1
40,130384,564,370391,3,1
53,88926,519,247262,1,0
40,25997,741,13997,2,0
32,75506,700,111102,1,0
21,98229,699,352855,2,0
46,69815,789,383189,2,1
34,62092,784,45860,3,0
58,82539,769,270369,1,0
57,86077,744,115114,2,0
31,41817,568,457686,4,0
56,57861,566,118218,2,0
33,33428,353,367908,4,1
63,63934,827,112041,1,0
23,135555,819,379368,1,0
53,134367,358,330800,1,1
26,30258,339,450096,2,1
30,77775,536,197150,0,0
25,101580,685,486862,2,0
43,114947,599,81290,2,0
30,25469,694,61633,3,0
64,48854,506,293799,3,0
22,26256,635,126118,2,0
33,144086,813,179673,4,0
60,96256,477,8114,3,0
22,53937,695,293646,2,0
40,119134,670,54768,0,0
21,21651,617,315272,4,1
57,70288,668,418244,1,0
29,104730,683,453781,2,1
37,45051,361,88123,2,0
29,47386,804,113255,4,0
31,95054,538,171405,3,1
35,131562,494,8174,3,0
44,36184,521,122769,3,1
58,53787,360,302542,1,1
55,41621,428,434145,4,1
50,95564,455,140393,4,1
51,97984,677,390693,3,1
25,79792,736,232043,3,0
64,65253,506,247580,0,1
34,54051,687,191493,0,0
31,69811,779,77635,2,0
29,50447,639,290904,2,0
54,148046,639,409576,4,0
32,103930,503,146385,4,1
55,143278,460,397818,1,0
55,120037,839,247878,1,0
21,50254,691,222070,0,0
60,104045,833,404017,2,0
42,136859,369,281274,0,0
49,77418,704,412487,0,0
28,134534,816,414291,2,0
31,34472,419,374359,1,0
61,131193,516,155056,2,0
57,23471,355,355239,3,1
34,127332,665,328086,3,1
50,140312,803,148933,3,0
55,143379,754,103970,4,0
41,115804,403,87203,1,1
57,28329,376,469592,1,0
25,54865,529,197319,4,0
39,66850,557,205173,0,0
34,74220,563,157049,3,0
46,132234,630,448833,3,0
24,113808,481,455689,0,1
45,128381,849,222726,2,0
62,26397,326,355321,2,0
45,117909,575,77902,1,0
38,149004,598,97172,4,0
60,55525,390,151702,1,0
28,73072,779,25056,2,0
59,110106,757,143454,0,0
60,103820,750,60739,1,0
34,104530,664,348829,3,0
52,43284,650,53639,3,1
58,81330,699,458054,0,0
53,103369,552,444257,2,0
43,45122,758,268136,3,1
35,90553,798,77394,3,1
53,101906,807,334801,4,0
45,114788,603,294304,1,0
37,82812,800,312300,2,1
53,27999,465,187447,1,1
22,42436,714,353586,2,0
34,62963,761,155644,3,1
60,22096,413,385069,4,1
60,149940,732,9136,1,0
59,133737,655,66868,3,1
26,45279,506,349407,2,1
26,141092,534,299311,1,0
23,128899,741,115957,1,1
27,134245,654,20479,3,0
28,46201,814,124392,1,0
62,39715,507,167448,4,0
35,49309,424,140895,4,0
49,35078,437,261228,3,1
53,76614,638,206528,2,0
50,25105,836,286729,3,1
59,137666,367,239847,4,0
47,114848,840,415488,0,0
56,22839,682,293763,0,0
49,88920,318,342213,1,0
58,63619,749,307039,1,0
53,62821,373,270864,0,0
57,145736,575,286411,4,0
47,33493,347,151768,1,1
53,37069,510,166040,3,1
24,132443,839,320508,3,0
42,27531,490,421561,4,1
22,57051,614,56567,1,0
30,27736,412,96229,3,1
25,27710,469,459823,1,1
30,87155,767,417601,1,0
53,33975,313,481874,3,1
58,82424,587,465116,0,0
33,65603,488,204316,3,0
51,43252,454,201497,4,1
56,100797,770,345662,2,1
44,21431,374,87844,3,1
35,94603,576,168991,1,0
49,57481,642,95697,1,0
28,112573,724,62196,3,0
25,29557,810,120600,2,0
49,94971,481,105625,3,0
24,123302,757,477617,2,0
32,20162,363,398711,2,1
22,54742,559,311899,4,1
47,39675,492,465900,1,1
51,93997,705,38324,1,0
56,37015,392,346073,2,1
56,70057,729,399768,1,1
46,52591,733,56272,0,0
63,113583,703,434069,2,0
47,146133,733,254264,1,0
25,120318,411,168996,0,1
40,29833,674,341606,4,1
31,27896,358,232459,1,0
30,52972,342,159961,0,0
60,69733,506,241538,3,1
58,140363,595,59675,3,0
26,61800,417,78591,0,0
28,116044,831,468406,2,1
43,25347,521,158706,2,0
46,79063,465,299507,1,0
63,115850,455,199824,3,1
32,22643,483,344148,2,1
46,60785,389,454614,2,1
33,38681,393,234530,3,1
60,70026,312,307862,4,1
38,123864,737,118627,2,0
45,35892,837,218988,0,0
53,67299,449,294014,1,0
60,37073,307,42394,2,1
63,122304,328,319201,2,1
32,50682,595,84795,4,1
64,117798,639,347553,0,0
56,146021,738,280160,1,0
24,116894,443,47137,2,1
25,144302,818,398369,1,0
57,34289,344,143925,3,0
28,135359,538,17379,2,0
62,27927,454,414008,2,1
48,68330,480,126169,3,0
51,86707,514,174439,4,0
29,140279,387,154172,2,0
49,97454,555,131082,1,0
34,127439,810,380233,0,0
60,124646,372,461672,1,1
61,85428,478,16049,4,1
42,70601,511,399002,0,1
31,97465,533,468120,1,1
43,22539,764,166771,1,1
21,122263,522,389928,3,1
57,131487,563,314835,4,1
41,42669,506,173112,3,1
46,90968,665,254527,0,0
56,40644,575,229062,3,0
43,38745,679,62986,4,1
21,140852,608,436978,2,0
60,148081,567,159672,2,0
35,48228,363,361918,0,1
41,138358,649,226849,2,0
29,54521,793,418026,3,1
29,142788,822,221775,0,0
30,117239,397,485563,4,1
46,46928,370,110315,0,0
61,38322,663,324348,0,1
55,77714,575,287229,1,0
45,107896,349,182926,1,0
46,82292,657,473013,0,1
31,49055,784,220341,2,0
58,62891,383,175851,1,1
22,101912,595,192279,4,0
27,26588,535,230687,3,1
38,110536,355,301124,1,0
47,26304,659,323261,0,1
54,27345,409,150213,2,0
47,49300,491,145416,3,0
37,44259,392,20896,1,0
63,111006,359,94353,2,0
64,108553,338,34813,2,0
44,35352,839,220503,2,1
45,149350,348,70679,0,0
27,53365,719,146753,4,0
26,39446,312,208975,2,0
44,22336,335,270372,3,0
53,82032,400,402798,1,1
49,95415,385,214755,3,0
63,117852,815,278541,0,0
42,118876,522,437015,0,0
46,27521,637,304155,3,1
48,91707,465,84183,4,0
41,43481,682,360398,0,1
27,38474,675,442480,0,0
37,66760,770,47317,3,0
40,75718,330,183986,0,0
61,64629,674,220705,4,1
40,65232,310,369633,4,1
42,106544,601,181326,4,0
48,87169,395,307240,1,1
60,147941,489,320929,4,1
27,70669,752,57344,4,0
21,98021,491,251060,1,0
52,129153,785,480859,2,0
33,89184,565,387526,0,0
50,67945,723,204618,4,0
43,33140,427,469307,0,1
39,146468,537,463819,3,0
52,103457,654,164484,0,0
50,34357,411,115489,1,1
49,131672,745,449874,0,0
49,88673,642,498057,0,1
50,141673,444,447765,0,0
36,85633,364,263667,2,0
60,96943,546,16549,2,0
39,116111,789,469432,3,0
38,98258,738,30739,1,0
21,32924,405,288353,0,1
34,89286,480,112051,0,0
22,113269,483,486184,0,1
48,147563,525,20116,0,1
50,94071,388,25045,2,0
58,77326,829,424543,3,0
24,110023,670,40709,4,0
21,140101,698,310761,1,0
28,50651,405,458355,0,0
49,90202,570,162977,3,1
59,68777,802,462364,4,1
23,36994,824,208675,3,0
52,87263,331,234167,2,0
30,79634,692,386923,4,1
30,120158,339,310063,3,1
39,30800,517,350665,2,1
54,57823,381,491121,3,1
53,128575,500,481616,3,1
43,83878,746,224222,4,0
48,38708,727,194518,2,0
52,32819,337,188500,0,1
27,94905,510,446110,1,1
49,83870,743,479365,4,0
28,29283,626,273591,2,1
21,50573,526,10499,3,1
23,98707,347,44041,2,0
44,50933,317,298459,1,0
43,25774,738,137371,1,0
28,92055,486,387650,0,1
57,30983,644,141066,0,1
23,116468,523,231486,1,0
53,116334,787,217235,4,0
48,38133,528,262831,4,0
28,145555,689,405705,3,0
54,34939,487,358791,0,1
55,20781,569,299499,3,0
52,134586,609,340949,0,0
44,76700,431,335511,1,1
34,47624,371,377050,4,0
52,26823,486,384553,4,1
63,38489,785,344499,1,0
36,138555,490,121220,3,1
24,59961,721,226421,3,0
57,139664,419,354317,2,0
41,49118,519,269140,0,1
34,120417,352,256071,3,0
51,101816,750,311531,1,0
38,42263,711,8089,3,0
27,33565,536,365971,4,1
30,40354,705,287803,0,0
27,62951,721,312322,2,1
53,111179,546,100965,0,0
43,43648,371,86268,4,0
41,70729,484,352186,4,1
39,61971,305,373615,4,1
39,38658,505,206798,4,1
56,41253,843,337255,1,0
49,84166,686,242103,2,0
38,68563,375,249754,4,1
22,46390,476,170637,4,0
21,108664,648,367579,3,1
25,71578,554,94242,2,0
40,99025,607,380348,0,1
31,123850,644,158956,2,0
62,52658,426,284343,2,0
22,26852,586,65038,2,0
23,147282,786,62786,4,0
43,114986,682,376780,4,0
32,22551,705,241042,1,0
40,91947,687,316438,0,0
25,81001,824,214087,3,1
57,69159,575,170250,2,0
58,142775,799,410881,0,0
50,71707,636,267678,0,0
29,53243,780,358972,1,0
54,41800,572,303276,3,0
64,95939,357,382864,2,0
55,77828,627,303254,3,0
42,27239,408,194826,1,1
64,26710,578,330724,4,1
44,41384,627,420685,0,0
37,41038,614,331160,2,0
30,60846,773,51233,4,0
50,107983,410,397007,1,0
43,87821,528,202780,3,1
52,57991,796,456448,0,1
37,99057,455,229522,2,0
37,133193,772,484653,4,1
34,26971,571,111311,4,0
29,49139,301,39409,0,1
60,105445,810,251231,3,0
22,97067,585,417540,1,0
45,100257,312,406954,3,0
59,104742,797,291198,3,0
29,57711,537,34709,3,1
42,26530,393,114321,0,0
63,31116,637,483859,0,1
24,85794,470,5363,1,0
46,20282,766,277502,3,0
49,99473,442,499829,0,1
54,21898,500,401456,1,1
43,24135,479,470417,1,1
57,26629,663,50689,3,1
31,129472,778,269080,2,0
26,145147,770,379416,3,1
38,105120,683,96074,2,0
41,139798,716,180037,1,0
62,109087,607,213606,0,0
56,85031,666,5882,4,0
61,53380,300,418440,1,1
58,149951,343,372371,0,1
54,132507,397,259822,1,0
37,37071,564,130865,3,1
57,40074,439,128745,2,0
45,110724,780,429041,1,0
58,87843,536,468956,0,0
32,59901,371,33885,3,0
43,31205,489,176128,4,1
62,75661,567,401419,3,1
42,144661,620,196313,2,0
41,25906,406,400460,3,1
47,22591,531,365466,4,1
51,145576,341,335763,0,0
26,82987,438,26584,1,0
47,83370,572,275665,2,0
60,100685,780,186089,4,1
54,130454,715,300685,2,0
32,125487,805,34063,3,0
27,74400,723,75268,2,0
30,45150,706,261306,4,0
37,51852,689,131218,1,0
46,62870,641,385350,1,0
41,139796,792,463168,2,0
48,72756,491,229126,0,1
22,135357,798,175635,2,0
63,139052,532,175824,3,0
21,76481,526,231305,1,0
56,21283,670,400783,1,0
46,53691,438,414337,1,1
49,21125,448,399890,0,0
41,87065,414,81411,0,0
31,148734,749,114876,4,0
60,46170,362,464491,2,0
31,28438,403,203153,2,0
56,40095,572,165212,3,0
59,36154,305,145399,1,0
60,28004,446,468879,0,1
55,29752,483,28331,3,1
54,75426,327,28004,3,1
44,128896,849,243441,0,0
42,46819,418,386387,2,1
25,122168,592,408708,1,0
53,112051,670,453013,2,0
56,147905,543,194167,3,1
40,44217,517,411965,1,0
39,145949,476,330361,4,1
55,108708,598,94044,3,0
63,52994,357,276189,2,0
37,35036,568,287260,2,0
63,97275,607,23667,2,0
54,117756,587,342201,0,0
29,69416,404,79205,3,1
46,29587,527,32302,1,0
22,130053,546,409499,2,0
29,115665,793,167007,2,0
29,20645,382,77534,0,0
60,50930,485,230414,1,0
37,101835,551,167696,3,1
21,142232,654,18440,4,0
45,50090,509,378145,0,1
63,107489,746,313645,3,1
60,72142,759,485549,4,1
62,131979,771,399485,2,1
45,46475,669,275012,2,0
59,38888,791,166323,1,0
55,63732,436,345053,4,1
23,101623,666,89523,2,0
57,66305,483,174801,2,0
64,66037,586,20734,1,0
64,29346,771,178501,3,1
50,20587,674,177409,2,1
58,32763,836,438541,0,1
54,79165,810,350744,0,0
32,127481,549,460730,3,1
39,89615,809,275577,4,1
57,56116,372,145183,1,0
64,140987,581,108986,0,0
37,105751,659,330897,0,1
30,111353,309,118783,3,1
32,110301,510,216655,4,1
36,115648,451,471836,4,0
44,45556,304,288895,3,0
39,79042,494,152525,0,1
28,38099,582,221916,1,0
51,129089,763,437184,0,1
41,65096,412,166149,4,0
37,91986,570,244654,0,0
43,33230,462,432991,1,1
57,49009,759,194216,2,0
36,90969,404,315714,0,1
26,53866,581,182169,3,0
28,125400,461,291647,2,1
45,104246,650,138851,3,0
38,96975,733,353984,3,1
45,61855,439,136827,3,0
32,101557,770,306407,0,0
35,26416,431,375635,4,1
46,92516,386,322231,2,1
61,75915,482,440497,1,0
46,38058,667,56482,4,0
52,96637,428,453073,0,1
30,60718,545,127989,3,0
36,52602,677,415616,1,0
27,94658,448,307259,2,0
37,98112,732,281393,4,1
43,78067,768,249255,4,1
46,47516,745,445041,1,0
41,149295,780,115361,0,0
42,107969,593,291744,2,0
27,21089,442,304850,1,1
34,57346,549,286366,3,0
35,94663,601,366185,2,0
27,30487,324,371648,4,1
29,20155,369,46139,1,1
28,143950,411,119919,4,0
43,87494,663,252677,4,0
49,96229,602,308446,4,0
38,124648,770,230756,0,0
51,58547,390,354982,4,1
50,48795,829,466375,3,1
59,75296,491,144718,3,1
55,41447,541,149615,2,0
38,56598,437,230568,4,0
62,61814,644,158857,4,0
59,110751,479,345497,1,1
37,145118,802,429622,0,0
34,95330,502,356136,2,1
51,141347,491,318572,4,1
44,118745,304,28777,1,0
55,107960,536,62939,0,0
64,83278,610,451242,2,0
54,75077,848,353594,2,0
23,132782,355,427769,4,0
57,142046,742,28548,2,0
63,122932,536,461437,1,0
60,91906,496,435481,2,1
46,29528,813,130549,3,1
43,113812,748,438917,1,0
64,70100,659,449503,0,0
59,129869,329,142799,0,0
35,28179,407,246532,4,0
24,68781,744,186789,4,0
49,75267,737,430643,3,1
42,102379,756,152764,0,0
45,43952,794,36625,0,0
33,73798,546,292062,0,0
38,118696,842,439352,0,0
53,130434,738,381970,2,0
36,70939,577,119881,1,0
62,49516,410,450625,1,0
64,76526,684,282721,3,1
22,30449,490,352299,2,0
55,70290,789,116776,0,0
62,146688,725,366390,0,1
54,106661,704,238996,4,1
50,92954,634,262831,4,0
33,42746,508,217803,3,0
33,87990,321,163761,0,0
38,78810,507,147226,3,0
52,138362,307,362092,2,1
52,103297,828,26341,1,0
55,35223,465,364698,0,0
59,92237,795,210753,2,0
49,22597,728,374942,0,0
49,85677,462,313474,4,0
64,22659,665,254141,3,0
36,106516,825,354903,4,1
64,94567,538,204488,1,0
30,35037,371,261139,4,0
50,146498,744,353951,0,1
45,66738,808,300457,4,1
59,123965,568,314044,0,0
40,91678,714,83840,1,0
25,32109,544,170767,4,1
21,42010,359,166297,3,0
50,28787,305,353216,3,1
23,128400,706,363511,3,0
34,28472,516,54156,4,1
50,135111,325,213281,4,1
24,43383,304,92453,4,0
38,81709,831,163901,0,0
57,89785,689,479124,1,1
45,133253,747,30938,3,1
21,54518,445,64164,0,0
35,73909,687,452746,3,0
29,38351,548,204271,0,0
35,89624,825,65282,4,1
44,73330,761,314945,3,0
24,142477,312,407681,4,1
32,35282,683,270470,3,0
57,104866,698,401875,2,0
57,127945,318,458505,0,1
63,41778,790,163666,2,0
26,44264,718,120819,0,0
59,79675,636,271907,1,0
44,25075,718,486873,3,0
31,95948,421,146900,1,0
33,68454,731,314732,1,0
54,48365,343,278365,0,0
45,92766,616,409427,2,0
27,68200,680,18569,4,1
24,31002,444,232966,0,0
28,33947,626,42860,4,1
40,99222,662,207630,1,0
49,114840,349,312481,4,0
30,136219,364,450527,2,1
63,98610,654,149587,0,0
54,72142,463,76695,2,0
46,76307,440,258078,2,0
61,24493,427,247599,0,0
23,144023,697,373893,2,0
26,70085,762,485443,3,0
25,54228,486,160976,3,1
25,99676,489,196007,3,1
43,71875,687,310934,4,1
29,51655,728,335724,2,0
55,63472,583,473364,0,0
40,69437,536,10636,0,1
62,69416,493,266578,4,0
55,79711,586,344273,0,0
38,26816,435,401108,3,1
37,97175,470,288816,2,0
44,84307,458,272956,0,0
23,132728,500,232693,0,1
52,66733,786,5654,1,0
55,148202,803,59633,1,0
58,115028,670,22143,1,0
33,136450,402,60934,2,0
45,31240,424,334478,3,1
29,118234,612,108463,3,0
24,112493,757,130851,3,0
34,145149,529,34087,2,1
57,118344,496,147690,2,0
54,91363,722,275590,1,0
31,52762,470,485398,0,1
61,28259,681,369271,4,1
23,70139,472,316011,4,1
48,148775,752,449244,0,0
49,34849,649,327245,1,1
29,101768,793,163272,0,0
23,126108,303,231179,0,0
45,109709,392,355218,4,1
54,74869,305,197537,1,0
32,146888,587,222508,2,0
62,83095,445,123422,4,1
29,137886,723,355036,2,1
35,90910,756,224631,1,0
60,106710,501,387188,0,0
45,43567,511,44148,3,1
25,55292,305,350072,3,0
31,94813,675,156770,1,0
54,117136,746,440686,3,0
44,71631,405,490287,2,1
35,29885,700,318804,3,0
58,79659,395,452126,1,1
28,74306,687,302594,1,0
25,86314,751,192535,2,0
46,85087,715,300901,3,1
38,49165,803,83012,3,1
26,78929,753,373894,0,0
57,87028,590,394187,4,1
33,115998,833,468463,1,0
48,69812,492,470231,0,1
25,70500,449,429606,1,1
33,99151,814,61116,0,0
37,78643,692,149233,4,0
60,64900,615,37152,0,0
52,62946,375,478387,1,0
49,27851,569,111379,3,0
23,36288,524,231905,1,0
60,92692,829,25836,2,0
54,87580,412,226439,2,0
60,27368,550,464759,2,1
47,105436,532,191720,2,0
33,116136,382,162403,4,0
53,66403,424,146835,3,0
26,111170,474,336588,3,1
44,29168,368,98109,1,1
39,106497,346,155259,0,1
36,69879,555,148029,1,0
60,79871,329,402595,1,1
48,129632,580,426175,1,0
53,131623,536,87018,1,0
61,109388,547,128076,3,1
33,118646,667,163177,0,0
63,52174,794,399093,1,0
45,119751,324,184425,3,0
62,112491,789,350932,1,0
56,26581,793,364014,2,1
47,130155,613,220657,1,0
58,91853,674,350452,1,0
27,84046,324,449783,4,1
25,69678,633,325057,2,1
63,128392,654,7637,0,0
51,131250,415,470994,1,0
43,46649,347,309169,0,0
62,147795,398,242989,2,0
30,108668,758,237259,1,0
52,102325,822,366652,4,1
63,34567,704,87464,3,1
50,100404,513,295886,4,1
59,109906,802,16831,4,1
51,128069,747,118768,3,0
38,116019,557,251983,3,0
56,81944,420,352236,3,1
22,138428,353,358023,1,0
34,98002,630,355514,0,0
33,48803,540,393681,0,1
49,38230,829,444978,3,1
32,37862,782,109824,4,0
59,63355,486,497174,2,0
22,51259,561,93741,3,0
52,119075,663,23830,4,0
33,107445,790,322188,4,0
47,50795,730,341092,1,1
61,134604,538,74202,1,0
37,28770,603,304189,0,1
60,31093,597,222394,0,1
51,66571,375,207123,2,1
54,20193,632,374653,2,0
44,120311,773,162699,2,0
55,37569,582,282342,2,1
26,137082,371,336665,4,1
39,31190,562,111471,4,1
50,82824,311,296619,0,1
27,62752,440,241824,1,0
30,52327,316,24403,1,1
61,62070,362,8681,3,1
52,105925,552,358699,4,0
54,60197,764,386028,2,0
48,22261,675,360266,2,1
35,138424,819,120260,3,0
50,113905,389,178364,1,0
57,46512,474,110386,2,1
49,26716,375,238378,1,0
42,106795,699,403845,3,1
24,48933,370,98246,1,0
40,127225,479,100864,1,1
52,24378,423,213886,1,0
56,60583,680,275561,2,0
24,132082,592,386032,0,0
47,105371,494,170837,4,0
37,49033,527,341643,1,0
32,44000,730,398052,1,0
42,131032,735,250160,1,0
37,95868,760,192646,0,0
30,62604,320,488761,3,1
21,88336,363,264278,2,0
42,115074,464,294819,0,0
46,115655,326,261681,1,0
38,93869,610,499927,0,0
34,25410,584,470483,0,0
49,103375,580,176635,0,0
32,76044,463,16332,3,1
56,83315,523,259817,4,0
55,116055,445,286321,2,0
32,91344,329,397704,3,1
27,26796,344,225326,3,1
49,106716,770,204519,4,0
31,74245,333,266849,3,0
53,63056,726,324248,0,0
26,37709,520,351479,0,1
35,139664,833,382082,1,1
52,78557,666,85730,3,0
31,37543,849,403167,1,0
43,57418,415,242474,2,0
46,114611,538,295477,0,0
54,123291,634,288817,2,0
54,133504,740,381565,4,1
49,123001,447,45870,0,0
24,116038,308,258017,2,0
37,36724,587,132536,4,0
55,23828,687,338245,2,1
33,136656,349,289965,4,1
61,37087,816,30494,4,0
59,32605,577,104477,0,0
35,51337,599,393227,1,0
49,25482,434,210232,4,1
49,85333,446,379842,4,1
31,112541,789,378704,0,0
52,108296,777,399051,1,0
22,70952,458,285790,3,1
34,25463,683,128777,3,0
40,132164,462,82360,1,0
42,90448,740,304479,2,0
31,24648,488,336495,0,1
47,53623,714,382078,1,0
23,79156,638,138501,3,0
37,55634,480,309094,4,1
64,64602,587,65654,3,0
48,134598,486,374566,4,1
49,69334,437,377078,0,1
41,88648,429,124975,4,1
36,42054,493,204215,1,1
57,90028,615,358330,4,0
40,42207,443,371378,2,1
26,100650,315,496105,1,1
39,119821,601,107326,0,0
25,101554,722,82527,1,0
23,41386,544,353848,2,1
21,103276,406,429315,0,1
58,79518,387,437601,3,1
35,72781,428,171991,2,1
54,72780,640,101952,0,0
55,81440,303,327926,4,1
45,64199,626,338260,1,0
44,81035,709,470806,0,0
32,28210,605,356770,1,0
38,64363,524,438603,4,0
35,131175,647,151895,0,0
64,98279,620,51015,3,0
36,80348,480,107877,2,0
47,75284,685,282483,0,0
28,127628,407,139563,4,1
45,129835,830,398922,0,1
37,92124,709,102493,1,1
49,88847,595,151800,0,0
28,42432,470,405213,3,1
35,146252,630,196480,0,0
47,84089,792,456313,2,1
27,75398,494,396670,0,1
23,119291,311,436739,1,0
49,23321,494,126648,0,1
64,101348,789,292307,3,0
44,57383,481,153790,4,0
23,133816,615,92508,0,0
40,98682,329,219839,0,0
35,143053,395,306763,2,1
45,99190,680,279270,3,0
50,72893,743,487347,4,0
34,55820,597,69926,1,0
27,141262,660,45633,0,0
37,86262,673,213726,4,1
64,23760,602,8317,1,0
40,42190,720,312124,3,0
56,87411,545,311259,3,1
29,43377,536,197718,4,1
58,66737,833,310302,1,0
42,89569,484,192035,3,1
22,58211,767,445847,4,1
44,102909,662,185388,3,0
28,23744,582,372508,3,1
31,145566,635,457558,3,0
33,44995,461,282648,2,0
37,36977,459,204665,1,1
28,149508,773,424876,4,0
41,117938,621,304340,4,0
38,54542,311,333082,1,0
50,30651,723,406821,1,0
38,119239,372,324532,1,1
51,98931,500,217369,1,0
58,115344,821,60501,0,0
52,122112,804,189381,4,1
31,36715,338,32043,0,1
45,64409,359,38635,3,1
53,44306,620,215387,3,0
58,39086,734,85691,4,0
61,34376,707,300276,3,0
28,81350,685,487603,1,0
31,91425,377,282510,0,0
42,123358,493,98944,1,1
44,56636,584,208179,3,0
61,106120,826,460796,0,0
37,134889,823,382411,1,1
32,71649,455,456105,4,1
52,54610,639,477769,1,0
35,30058,424,44236,3,1
36,144876,579,271294,0,0
42,148265,427,378513,4,1
48,94637,613,286567,0,0
40,98033,631,9137,4,0
53,90194,449,34992,0,0
30,96917,753,377684,3,0
60,84200,335,492654,4,1
52,125848,719,120140,2,0
53,126022,321,180993,0,0
22,66619,505,126225,0,1
53,37154,655,477585,1,0
53,39539,739,334061,4,1
61,145381,395,340834,2,0
33,80058,463,301379,3,0
50,82068,447,215047,1,0
53,97313,829,24122,2,0
33,119932,593,291100,4,0
46,50373,494,68879,2,1
42,53154,779,63560,0,0
59,26031,422,481016,0,1
22,113533,699,377454,1,0
58,91975,751,204757,4,1
59,42785,403,422876,4,1
46,98928,761,242268,2,0
35,138696,695,484280,1,0
54,48669,636,268312,4,0
62,114475,441,312268,0,1
64,137154,616,171969,2,0
60,22282,826,151104,3,0
31,54624,700,319941,0,1
23,68438,609,302438,1,0
26,109900,794,442043,4,0
29,87534,408,270660,0,1
26,51705,671,155823,3,0
29,58244,505,35373,3,0
59,94964,342,127026,1,1
51,57437,544,35270,0,0
52,97872,586,408602,2,0
61,94878,654,237931,0,0
32,139006,775,200889,3,0
28,125368,382,70184,1,0
28,92982,409,215765,1,0
48,70583,489,42879,2,0
40,58392,550,316741,1,0
27,27461,590,437348,1,1
31,120123,500,8626,1,1
40,30516,625,90936,1,1
36,99285,810,239873,1,0
24,37514,708,86515,3,1
26,148657,807,213137,0,0
42,141251,371,60390,4,1
46,120962,546,414861,1,1
23,56268,643,228032,4,0
61,110486,353,59144,4,1
62,120424,827,149454,3,1
34,56788,831,9025,1,0
31,95749,492,441442,4,1
38,81049,357,346524,1,1
32,82493,736,259043,2,0
43,56027,410,123910,2,1
32,113547,428,467927,2,1
33,62849,625,101055,4,0
45,120127,307,393333,2,0
39,37858,328,210782,3,1
56,104162,411,401659,3,1
28,99003,430,288539,4,1
49,72395,487,277869,1,1
52,59758,774,38461,0,0
64,74312,663,263072,1,0
38,88670,503,46115,1,0
26,136758,511,115084,1,0
38,102279,575,495103,1,1
39,35434,372,350876,0,1
42,84047,542,478006,2,1
57,67775,401,346701,1,1
52,95769,470,338404,3,1
61,134682,487,164762,4,0
23,86677,740,268551,4,0
48,103555,385,78568,3,0
30,148379,775,63560,1,0
55,105920,351,445556,0,1
49,128439,410,153866,2,0
35,65734,342,155953,4,0
53,121665,510,222364,2,0
27,108503,499,241770,0,0
32,60603,325,231024,4,1
50,96708,598,185775,2,0
41,101926,376,442570,0,0
51,88803,436,96288,2,0
44,59332,319,476678,1,0
40,111703,739,386164,0,1
57,41312,510,366445,2,0
24,113376,734,254836,1,0
48,104526,506,19390,1,0
64,64179,738,223547,0,0
40,91442,341,32307,3,0
44,134332,710,232436,4,1
52,137961,822,230121,0,0
61,60379,726,256063,1,0
56,37297,574,29502,1,0
54,22011,747,493815,0,0
56,136130,668,27486,3,0
22,140234,519,378957,4,1
35,64014,531,174330,2,1
54,132094,627,193788,0,0
56,31738,742,233300,4,0
26,114333,351,108920,4,0
59,67498,675,217566,1,0
62,147792,562,498768,2,0
32,31120,566,349912,0,1
23,136517,658,408964,1,0
38,28767,616,67785,1,0
60,42852,623,81050,3,0
41,99239,720,27738,4,0
35,20929,345,79231,0,1
53,97487,568,78606,0,0
55,138387,680,491517,0,0
46,111575,417,308806,1,1
28,146155,415,385457,3,1
56,134149,559,232369,2,0
50,115040,374,480450,1,0
43,37438,779,282267,2,0
62,68515,604,498896,3,1
64,25744,306,161688,4,1
34,103820,665,278326,0,0
34,62417,822,357513,2,0
22,125284,647,497094,1,0
57,27069,737,460229,2,1
25,62359,514,167403,4,0
58,39799,728,182170,0,0
61,118746,797,31128,2,0
34,113762,839,36556,4,1
59,140906,666,263470,1,0
45,90188,612,485721,3,1
40,109859,837,157948,1,0
22,142521,353,145021,0,0
59,127674,840,56962,1,0
26,27597,766,95054,1,0
37,67093,463,207278,1,1
45,57226,633,29099,1,0
48,92127,846,240943,0,0
22,134650,647,410932,4,1
55,111369,572,188683,2,0
57,97362,713,174957,3,1
25,46417,799,320288,2,0
21,38693,392,201292,2,1
60,99674,378,12837,3,1
32,140956,516,185427,0,1
56,135598,657,183371,3,0
43,139028,806,417375,0,1
51,147517,480,392356,2,1
31,73161,545,383824,0,1
30,141316,543,253003,4,0
23,22169,805,373946,3,1
34,104092,721,107413,4,0
36,42052,619,56012,2,0
30,91849,386,135193,3,1
49,93851,516,457521,2,1
30,28036,789,223168,4,1
32,51778,818,153178,2,0
50,47734,577,63123,3,0
61,43173,468,116825,3,1
21,50403,629,13720,2,0
25,86321,740,173733,3,0
40,91675,690,251103,3,0
28,26344,795,229970,2,0
63,38800,680,229866,4,0
32,45372,605,485534,3,1
21,81516,812,419336,3,0
40,40538,487,155862,3,1
48,83918,815,63655,3,1
63,34973,726,195715,2,0
57,91155,801,98448,4,1
57,120240,559,183446,4,0
32,79500,812,178979,0,0
57,56575,370,186143,3,1
64,125455,777,125507,3,0
48,62261,477,301956,0,1
35,130659,756,316714,4,0
26,47716,488,318045,1,0
64,23236,590,65186,1,0
40,35848,819,127066,4,1
34,22352,591,395508,3,1
22,21932,582,186323,1,0
29,96449,843,201243,2,0
57,28556,676,41160,2,0
40,106836,455,24156,0,1
46,25498,807,81208,4,0
49,96118,712,478196,4,0
21,70098,827,470536,1,0
55,84386,654,154001,3,0
26,132169,486,464822,4,1
57,29569,330,486658,1,1
25,136127,559,236226,1,0
53,146060,720,460775,4,0
34,76882,828,452421,1,0
32,90393,603,246766,0,0
62,20340,338,466691,0,1
40,63949,788,200413,4,0
44,102302,841,362521,3,1
63,82443,577,310007,0,0
54,111668,502,217909,0,0
45,94027,365,70439,4,0
49,20138,407,143266,2,0
59,20358,567,207459,1,0
51,139619,521,126361,0,0
63,95250,829,217986,2,0
43,105376,389,202286,3,1
64,119931,554,363320,2,0
58,50654,754,497508,4,0
40,45879,552,34777,3,0
43,101532,556,261427,3,1
36,75778,682,162255,2,0
62,57772,741,425661,4,0
28,78478,389,203110,0,0
41,84353,689,354345,2,1
21,46762,343,414414,0,1
28,33283,318,419627,2,1
49,83922,400,186649,0,0
52,59420,656,283011,2,0
58,75568,841,67501,3,0
25,105090,332,150338,1,0
42,40219,528,306566,3,1
54,77169,823,171280,0,0
21,120455,454,126544,4,1
46,94965,722,429429,3,0
63,66840,545,143439,1,0
30,64695,704,260230,0,0
50,125209,840,477242,3,0
38,104754,460,40362,2,0
37,97988,416,255449,4,0
46,78342,570,318732,0,1
28,134516,786,174357,3,0
60,38951,471,131683,0,1
32,21307,573,261157,2,1
47,100388,558,210827,1,0
28,110768,434,207918,3,0
45,55428,721,303451,0,0
24,128707,720,493383,0,0
53,112021,485,347424,0,1
21,138418,663,418083,1,0
39,95774,677,323667,0,0
51,58975,822,482377,4,0
36,137850,495,404594,4,1
34,21140,397,220757,0,0
25,148865,321,112669,4,0
61,44842,749,213030,3,0
46,46421,471,163998,4,1
48,21708,682,108215,0,0
22,23630,433,103707,2,1
26,39595,725,411396,3,0
29,96021,324,97837,1,0
53,48308,802,385214,0,0
61,64789,484,435147,1,0
45,75690,384,422230,2,1
33,46086,443,250847,1,1
29,36859,711,232544,0,1
33,27684,523,347016,0,0
51,111088,519,456718,2,0
61,21207,478,354880,0,0
31,66099,732,272614,2,0
24,87496,564,232467,2,0
54,86093,728,151025,0,0
58,49689,715,240652,4,0
24,68651,752,436723,2,0
58,33893,496,360113,0,1
39,117808,352,96493,4,0
26,86418,779,273667,2,0
54,145074,742,222995,4,0
38,123065,629,193262,3,0
33,80011,550,445977,3,0
61,58635,422,298313,4,1
43,76115,686,50641,2,0
