Dependents,Loan_Amount_Term,Credit_History,Loan_Status,Gender_Male,Married_Yes,Education_Not Graduate,Self_Employed_Yes,Property_Area_Semiurban,Property_Area_Urban,ApplicantIncome_log,CoapplicantIncome_log,LoanAmount_log
-0.7378063230712658,0.2732312961117544,1.0,1,1,0,0,0,0,1,0.5161862659637967,-1.1077829767083145,-0.012803201343461017
0.2534695683198878,0.2732312961117544,1.0,0,1,1,0,0,0,0,0.13780585237723655,0.7821575712485496,-0.012803201343461017
-0.7378063230712658,0.2732312961117544,1.0,1,1,1,0,1,0,1,-0.5194793670731671,-1.1077829767083145,-1.3486627152890505
-0.7378063230712658,0.2732312961117544,1.0,1,1,1,1,0,0,1,-0.75160478236161,0.8975263856994306,-0.14335063876429482
-0.7378063230712658,0.2732312961117544,1.0,1,1,0,0,0,0,1,0.5557271417764572,-1.1077829767083145,0.1829809757655036
1.2447454597110414,0.2732312961117544,1.0,1,1,1,0,1,0,1,0.39715784871846554,1.0462933560788554,1.4781401899444353
-0.7378063230712658,0.2732312961117544,1.0,1,1,1,1,0,0,1,-0.9094846729340591,0.7835228975392053,-0.6152864248387256
2.236021351102195,0.2732312961117544,0.0,0,1,1,0,0,1,0,-0.5009775079479815,0.9130325417265339,0.41355740303033994
1.2447454597110414,0.2732312961117544,1.0,1,1,1,0,0,0,1,-0.07092527888117638,0.7852194656209255,0.537931757097833
0.2534695683198878,0.2732312961117544,1.0,0,1,1,0,0,1,0,1.7361522651824677,1.2943629793105622,2.0224720730497836
1.2447454597110414,0.2732312961117544,1.0,1,1,1,0,0,0,1,-0.4193757717578354,0.5841842036337067,-1.2304204768512392
1.2447454597110414,0.2732312961117544,1.0,1,1,1,0,0,0,1,-0.8022602746159628,0.8335069955664076,-0.3376983189723734
1.2447454597110414,0.2732312961117544,1.0,1,1,1,0,0,0,1,-0.4821888578365924,1.2162923826686154,0.8915255855732974
-0.7378063230712658,0.2732312961117544,1.0,0,1,0,0,0,0,0,-1.266714707659752,0.9455336023846382,-0.24705640690654598
1.2447454597110414,-3.4548579441686273,1.0,1,1,1,0,0,0,1,-1.8174922101168456,0.6974558797576874,-4.0287039344433495
-0.7378063230712658,0.2732312961117544,1.0,1,1,0,0,0,0,1,0.2573038972958118,-1.1077829767083145,-0.06078440959636888
0.2534695683198878,-1.5908133240284363,0.0,1,1,0,1,0,0,1,-0.23840567518907135,-1.1077829767083145,-0.5117562072339227
-0.7378063230712658,0.2732312961117544,0.0,0,0,0,0,0,0,1,-0.2759524862016983,-1.1077829767083145,-1.06499678892756
-0.7378063230712658,0.2732312961117544,1.0,0,1,1,1,0,0,0,0.23743396643914283,-1.1077829767083145,0.06473873732769238
-0.7378063230712658,0.2732312961117544,1.0,1,1,1,0,0,0,1,-0.741430528997781,0.9994731514045894,-0.22940168825346138
-0.7378063230712658,0.2732312961117544,0.0,0,1,1,1,0,0,1,0.9346455145754057,-1.1077829767083145,-0.43255762089003547
0.2534695683198878,0.2732312961117544,1.0,1,1,1,0,0,0,1,0.5440484777023747,1.1219582763440108,1.814093782899674
-0.7378063230712658,0.2732312961117544,0.0,0,1,1,1,0,1,0,-0.741430528997781,0.8432781523390557,-0.2118985141187817
1.2447454597110414,0.2732312961117544,0.0,0,1,1,1,0,0,0,-0.34139111335669026,0.844087187151665,-0.2828311362010103
0.2534695683198878,0.2732312961117544,0.0,0,1,1,0,0,1,0,-0.18707092107547188,0.9531458832496206,0.3217492871772336
-0.7378063230712658,0.2732312961117544,1.0,1,1,1,0,1,1,0,1.2783951128840538,-1.1077829767083145,0.7981150277780172
-0.7378063230712658,0.2732312961117544,1.0,1,1,1,0,0,1,0,-0.6270436072806282,0.8857694202598293,-0.10992190212549849
1.2447454597110414,0.2732312961117544,1.0,1,1,1,1,0,0,1,0.012005553808468442,0.6862906350822455,-0.3192447336033025
-0.7378063230712658,0.2732312961117544,1.0,0,1,0,1,0,0,1,-1.6555705416923199,-1.1077829767083145,-2.6153024818266064
1.2447454597110414,0.2732312961117544,1.0,1,0,0,0,0,1,0,-0.17336036283282602,0.8655207633699971,-0.14335063876429482
0.2534695683198878,0.2732312961117544,0.0,0,1,1,0,0,0,1,-0.01017592587738517,0.9896258245095342,0.9016452453828202
-0.7378063230712658,0.2732312961117544,1.0,0,1,0,0,0,0,1,-0.43545434132406635,-1.1077829767083145,-1.1186606035515918
0.2534695683198878,0.2732312961117544,1.0,0,1,0,0,1,0,0,0.1742677912762675,-1.1077829767083145,-0.394082757437591
-0.7378063230712658,0.2732312961117544,1.0,1,1,1,0,0,1,0,-0.2803779543424496,0.8080252391970063,-0.24705640690654598
2.236021351102195,0.2732312961117544,1.0,0,1,0,0,0,0,0,1.6943958316116448,0.9596811586813331,1.8461055434247569
-0.7378063230712658,0.2732312961117544,1.0,1,1,1,0,0,0,1,-0.948528359363596,0.8635306438223892,-0.012803201343461017
-0.7378063230712658,0.2732312961117544,0.0,0,1,1,0,0,0,1,-1.2877789475327062,0.7497470744191327,-0.5117562072339227
-0.7378063230712658,0.2732312961117544,1.0,1,0,1,0,0,1,0,-0.2080781209150844,0.7736336447580593,0.22561194869847703
-0.7378063230712658,0.2732312961117544,1.0,1,1,0,0,0,0,1,-0.01017592587738517,1.1860499748293718,0.7223835077197738
-0.7378063230712658,0.2732312961117544,1.0,1,1,0,1,0,1,0,-0.17418786582751422,0.8081799990057271,-0.3192447336033025
-0.7378063230712658,0.2732312961117544,1.0,0,1,0,0,0,0,1,-0.23668123146805609,-1.1077829767083145,-0.9617287853353964
-0.7378063230712658,0.2732312961117544,1.0,1,1,0,0,0,0,1,-1.3117154587347026,0.7259885923697227,-2.0286878774554675
-0.7378063230712658,0.2732312961117544,0.0,1,1,1,0,0,0,1,-0.8655725292917734,-1.1077829767083145,-1.0916521654395093
-0.7378063230712658,0.2732312961117544,1.0,1,1,1,0,0,1,0,-0.0963005897413373,0.895106960789224,0.07989945598767988
-0.7378063230712658,0.2732312961117544,1.0,1,1,1,1,1,0,1,0.17525931420591231,-1.1077829767083145,-0.594155590493605
-0.7378063230712658,0.2732312961117544,1.0,1,0,0,0,0,0,1,-0.3207856567528166,-1.1077829767083145,-0.7696709506980769
0.2534695683198878,0.2732312961117544,1.0,1,1,1,0,0,0,1,0.462213238678784,-1.1077829767083145,-2.160288844874668
-0.7378063230712658,0.2732312961117544,1.0,1,1,1,0,0,0,1,0.5087421279364065,-1.1077829767083145,0.22561194869847703
-0.7378063230712658,0.2732312961117544,0.0,0,0,1,0,0,0,1,-0.7148163588263508,0.9950094839336483,-0.14335063876429482
-0.7378063230712658,0.2732312961117544,1.0,1,0,0,0,0,1,0,-0.07325030640655872,0.8882775053772475,0.22561194869847703
-0.7378063230712658,0.2732312961117544,1.0,1,0,1,1,0,1,0,-1.2051853100207839,0.804439920587457,-0.5117562072339227
-0.7378063230712658,0.2732312961117544,1.0,1,0,0,0,0,1,0,-0.475641084763258,-1.1077829767083145,-0.14335063876429482
-0.7378063230712658,0.2732312961117544,1.0,0,0,0,0,0,1,0,0.013473104713117235,-1.1077829767083145,-0.2828311362010103
1.2447454597110414,0.2732312961117544,1.0,0,1,1,0,0,0,1,0.14893550483422718,-1.1077829767083145,0.07989945598767988
0.2534695683198878,0.2732312961117544,0.0,0,0,1,0,1,0,1,1.5650343814834076,-1.1077829767083145,1.6178093218591358
1.2447454597110414,0.2732312961117544,1.0,1,1,1,0,0,1,0,-0.678307190178955,0.7160142459206054,-0.5732414864740824
-0.7378063230712658,0.2732312961117544,1.0,1,1,1,0,0,1,0,-1.0492097310837654,0.795983504156993,-0.594155590493605
-0.7378063230712658,0.2732312961117544,1.0,0,1,1,0,0,0,0,-0.34093022873180656,0.8796252530061652,0.09494828640563074
0.2534695683198878,0.2732312961117544,1.0,1,1,1,0,0,0,1,1.0174575185401453,0.8854255133502299,0.6778110824203202
1.2447454597110414,0.2732312961117544,1.0,1,1,1,1,0,0,1,-0.34508312718268375,0.9472547516896233,0.22561194869847703
-0.7378063230712658,0.2732312961117544,1.0,1,1,1,0,0,0,1,-0.8022602746159628,1.020430702970239,-0.14335063876429482
2.236021351102195,0.2732312961117544,1.0,1,1,1,0,0,0,1,-0.5045578545335446,-1.1077829767083145,-0.532045999180452
-0.7378063230712658,-2.5228356340985316,0.0,0,1,1,1,1,0,0,-0.7360710484416207,0.9956839729539555,0.5014094565867142
0.2534695683198878,0.2732312961117544,0.0,0,1,1,0,0,0,0,0.2557361816140205,-1.1077829767083145,-0.012803201343461017
-0.7378063230712658,0.2732312961117544,0.0,0,0,0,0,0,1,0,-0.01017592587738517,-1.1077829767083145,-0.2118985141187817
-0.7378063230712658,0.2732312961117544,1.0,0,1,1,0,0,1,0,0.48321571143093,1.0697436639092617,1.4084864903813301
-0.7378063230712658,-2.5228356340985316,0.0,0,1,0,1,0,0,1,-0.4193757717578354,0.8858839541863562,-0.04466490062062163
0.2534695683198878,0.2732312961117544,1.0,1,1,1,0,0,0,1,1.4604040551475688,-1.1077829767083145,1.7946426916899505
2.236021351102195,-4.386880254238722,1.0,1,1,1,1,1,0,1,0.816870784889593,-1.1077829767083145,-0.06078440959636888
-0.7378063230712658,0.2732312961117544,0.0,0,0,0,0,0,1,0,0.0389330677935728,-1.1077829767083145,0.10988686799186656
-0.7378063230712658,0.2732312961117544,1.0,1,1,1,0,0,0,1,-0.4155029009088941,0.9652984877805847,0.5856323478224004
1.2447454597110414,0.2732312961117544,1.0,1,1,1,1,1,1,0,-1.24841181567468,0.838369977960022,-0.5732414864740824
-0.7378063230712658,-0.6587910139583409,1.0,1,1,0,0,0,1,0,-0.2803779543424496,-1.1077829767083145,-0.9367087503711017
2.236021351102195,0.2732312961117544,0.0,0,1,1,1,0,1,0,0.19495786163422796,-1.1077829767083145,-0.6152864248387256
2.236021351102195,0.2732312961117544,1.0,1,1,1,0,1,1,0,0.3533015308262744,0.8240798953042489,0.7551848680986367
-0.7378063230712658,2.1372759162519452,1.0,0,1,0,0,0,0,1,-0.17336036283282602,-1.1077829767083145,-0.26486531719390427
-0.7378063230712658,0.2732312961117544,1.0,0,1,0,0,0,0,1,-0.17336036283282602,1.0783083933309436,0.6322425432713717
0.2534695683198878,0.2732312961117544,1.0,0,1,1,0,1,0,1,-2.223017434931515,0.9615672122619039,-0.3192447336033025
2.236021351102195,-0.6587910139583409,0.0,0,1,1,0,0,1,0,-0.43545434132406635,1.0339439718205798,0.6778110824203202
2.236021351102195,0.2732312961117544,0.0,1,1,1,1,1,1,0,-0.3562121748606763,0.875605314250149,0.018568298456255856
-0.7378063230712658,0.2732312961117544,1.0,1,0,0,0,0,1,0,-0.1341504490484152,-1.1077829767083145,-0.300956653470836
0.2534695683198878,0.2732312961117544,1.0,1,1,1,0,1,1,0,-0.8688069854938901,-1.1077829767083145,-0.012803201343461017
1.2447454597110414,0.2732312961117544,1.0,0,0,1,0,0,0,1,-1.7259584841506046,0.8391945131996053,0.525830194774769
-0.7378063230712658,0.2732312961117544,0.0,0,1,1,0,0,1,0,0.5557271417764572,0.8854255133502299,1.4628659067907284
0.2534695683198878,-1.5908133240284363,1.0,1,1,1,0,0,0,1,-0.07791083980788827,-1.1077829767083145,-1.905067770582251
-0.7378063230712658,0.2732312961117544,1.0,1,1,0,0,0,1,0,-0.887700972599437,0.9158008238666603,0.10988686799186656
1.2447454597110414,0.2732312961117544,0.0,1,1,1,1,0,1,0,-0.3562121748606763,0.8550263012689808,-0.532045999180452
-0.7378063230712658,0.2732312961117544,1.0,1,1,1,0,0,1,0,-0.8022602746159628,0.8698214031857333,-0.43255762089003547
-0.7378063230712658,0.2732312961117544,1.0,1,1,0,0,0,0,1,1.1080721753071288,-1.1077829767083145,0.9905308203319032
-0.7378063230712658,0.2732312961117544,1.0,1,1,1,0,0,1,0,0.4747943285181693,1.0445029639064678,0.6206894966924292
-0.7378063230712658,0.2732312961117544,1.0,1,1,1,0,0,1,0,-0.5413474670832047,0.9509301777622678,0.03407489232129134
1.2447454597110414,-2.5228356340985316,1.0,1,1,1,0,0,1,0,0.6190549032672866,1.1232858717266807,0.7660024386492361
1.2447454597110414,0.2732312961117544,1.0,1,1,1,1,0,0,1,-0.38438912497933186,0.8306864679801123,-0.9367087503711017
-0.7378063230712658,0.2732312961117544,1.0,1,1,0,0,0,1,0,-0.022512274827195467,-1.1077829767083145,-0.10992190212549849
-0.7378063230712658,-3.4548579441686273,1.0,1,1,0,1,0,1,0,-0.2280876449564673,-1.1077829767083145,-3.2788736632267335
-0.7378063230712658,0.2732312961117544,0.0,0,1,0,0,0,0,1,0.7457839288847058,-1.1077829767083145,-0.012803201343461017
-0.7378063230712658,0.2732312961117544,1.0,1,0,1,0,0,1,0,-0.8122182266679576,0.891322682313824,0.12471680438712059
-0.7378063230712658,0.2732312961117544,1.0,1,1,1,0,0,1,0,-1.1662650016833969,0.6753980740429645,-1.905067770582251
-0.7378063230712658,-2.5228356340985316,1.0,1,1,1,1,0,1,0,-0.0020058501009814975,-1.1077829767083145,-0.22940168825346138
-0.7378063230712658,0.2732312961117544,1.0,1,1,1,0,0,1,0,-1.3474453674170772,1.0024795423322155,0.03407489232129134
1.2447454597110414,-2.5228356340985316,1.0,1,1,1,1,0,0,1,0.03459806685039067,0.981373396595413,0.06473873732769238
-0.7378063230712658,0.2732312961117544,1.0,1,1,0,0,0,1,0,0.22340407317761976,1.02110986362774,0.3217492871772336
-0.7378063230712658,0.2732312961117544,1.0,1,1,1,0,0,0,1,1.830940242751932,-1.1077829767083145,-0.012803201343461017
-0.7378063230712658,0.2732312961117544,1.0,1,1,1,0,0,1,0,0.16098657961750007,1.0055233897566866,-0.012803201343461017
-0.7378063230712658,0.2732312961117544,1.0,1,1,1,0,0,0,1,-0.14629744280891666,0.6033464318201044,0.43904657575501027
0.2534695683198878,0.2732312961117544,1.0,1,1,1,0,0,0,1,-0.49282475051916047,0.68379817622117,-0.5117562072339227
1.2447454597110414,0.2732312961117544,1.0,1,1,1,0,0,0,1,1.553796481620413,0.7067872197233583,1.1305703164157326
-0.7378063230712658,0.2732312961117544,1.0,0,1,0,1,0,0,0,0.8669638591990013,-1.1077829767083145,-0.14335063876429482
1.2447454597110414,0.2732312961117544,0.0,0,1,1,0,0,0,1,-0.15281493447478042,1.0067452944621726,1.047705797711511
2.236021351102195,2.1372759162519452,1.0,1,1,1,1,0,1,0,-1.0942286574477134,0.6033464318201044,-0.6366385284875709
-0.7378063230712658,0.2732312961117544,1.0,1,1,0,0,0,0,1,0.3679612022232601,-1.1077829767083145,0.10988686799186656
-0.7378063230712658,0.2732312961117544,1.0,1,0,1,0,0,1,0,-0.5566287841113607,0.8947752757942,0.15405698348110242
-0.7378063230712658,0.2732312961117544,0.0,0,1,1,1,0,0,0,-0.24879278061530105,1.0411984429276948,0.3351205302800961
0.2534695683198878,0.2732312961117544,1.0,1,0,0,0,1,1,0,0.8917290316867542,-1.1077829767083145,-0.012803201343461017
-0.7378063230712658,0.2732312961117544,1.0,1,1,0,0,0,1,0,0.2883300876501864,-1.1077829767083145,-0.17733654659761747
0.2534695683198878,-2.5228356340985316,1.0,1,1,1,0,0,0,0,1.9335179123984854,-1.1077829767083145,0.7333760263436212
-0.7378063230712658,0.2732312961117544,1.0,1,0,1,0,0,1,0,-0.43545434132406635,0.8891835299317773,0.3616028150499546
0.2534695683198878,0.2732312961117544,0.0,1,1,1,0,0,0,1,-0.9906799843115242,0.762613279931995,-0.839590049589066
-0.7378063230712658,0.2732312961117544,1.0,0,1,1,0,0,0,0,0.43980853271125675,0.8727295529278646,0.6206894966924292
-0.7378063230712658,0.2732312961117544,1.0,1,0,0,0,0,0,1,1.4102450290777093,-1.1077829767083145,1.4163443315754325
-0.7378063230712658,0.2732312961117544,1.0,1,1,1,0,0,0,0,0.4671484302241809,0.9293106261950622,0.6778110824203202
-0.7378063230712658,0.2732312961117544,1.0,1,0,0,0,0,1,0,-0.01017592587738517,-1.1077829767083145,-2.160288844874668
-0.7378063230712658,0.2732312961117544,0.0,1,0,0,0,0,1,0,-1.0455769313013297,1.2427294764916275,0.12471680438712059
1.2447454597110414,0.2732312961117544,1.0,1,1,1,0,0,1,0,-0.5418719112586444,-1.1077829767083145,-0.9367087503711017
-0.7378063230712658,0.2732312961117544,1.0,1,1,1,1,0,0,0,0.0389330677935728,0.8568266244302404,0.8297297272042946
-0.7378063230712658,0.2732312961117544,0.0,1,0,0,0,0,0,0,-0.19753896832757328,-1.1077829767083145,-0.6582165845181062
2.236021351102195,0.2732312961117544,1.0,1,1,1,0,0,0,0,2.693675483212455,-1.1077829767083145,2.1412886270149727
-0.7378063230712658,0.2732312961117544,1.0,1,1,0,0,0,0,0,-0.12650625013304123,0.8038112733308241,-0.012803201343461017
0.2534695683198878,-2.5228356340985316,0.0,0,1,1,0,1,0,1,1.4258179407893832,1.024077129567402,0.43904657575501027
-0.7378063230712658,0.2732312961117544,0.0,0,1,1,0,0,0,0,0.5762746107928876,0.9196473222220657,0.7002190800772985
-0.7378063230712658,2.1372759162519452,0.0,1,1,0,0,1,0,1,2.4364161420138726,-1.1077829767083145,3.2878940985738567
-0.7378063230712658,0.2732312961117544,1.0,1,1,0,0,0,0,1,-1.1375098491410598,0.8456976917474079,-1.1186606035515918
-0.7378063230712658,0.2732312961117544,1.0,1,1,0,0,0,1,0,-0.672590278485347,-1.1077829767083145,-1.2304204768512392
-0.7378063230712658,-3.4548579441686273,1.0,1,1,1,0,1,1,0,-0.2986555083868743,-1.1077829767083145,-3.2788736632267335
-0.7378063230712658,0.2732312961117544,1.0,1,1,0,0,0,1,0,0.2399712819322648,-1.1077829767083145,-0.47177243074140923
2.236021351102195,0.2732312961117544,1.0,0,1,1,0,0,1,0,-0.07325030640655872,1.2046968972208147,1.6460327103687429
-0.7378063230712658,0.2732312961117544,1.0,0,0,1,0,0,0,0,0.13780585237723655,-1.1077829767083145,-0.8634395292591737
1.2447454597110414,0.2732312961117544,1.0,1,1,1,0,1,0,1,-0.3641438286786945,0.9994731514045894,-0.7696709506980769
-0.7378063230712658,0.2732312961117544,0.0,0,1,0,0,0,1,0,1.9771560186315378,-1.1077829767083145,1.2784595155269496
1.2447454597110414,0.2732312961117544,1.0,0,1,1,1,0,0,0,0.0024324883102921956,0.7684530591878511,0.0029428789586896007
1.2447454597110414,0.2732312961117544,1.0,0,1,1,0,0,0,0,0.28587069648215424,0.8655207633699971,0.7333760263436212
-0.7378063230712658,0.2732312961117544,1.0,1,1,0,0,0,0,1,0.39715784871846554,-1.1077829767083145,0.537931757097833
-0.7378063230712658,-2.5228356340985316,1.0,1,1,0,0,1,1,0,0.7837446744086912,-1.1077829767083145,0.6206894966924292
-0.7378063230712658,0.2732312961117544,1.0,1,1,1,0,0,1,0,-0.684045244345571,0.8593769338836245,-0.10992190212549849
1.2447454597110414,-2.5228356340985316,1.0,1,1,1,0,0,0,1,1.5993238372100942,-1.1077829767083145,0.7551848680986367
-0.7378063230712658,0.2732312961117544,1.0,1,0,1,0,0,1,0,-0.9114802591619121,1.0635459373616254,-0.5117562072339227
1.2447454597110414,0.2732312961117544,1.0,1,0,1,0,0,0,1,1.9633374283179823,-1.1077829767083145,-1.2304204768512392
0.2534695683198878,0.2732312961117544,1.0,1,1,1,0,0,0,1,-1.5556362526548042,0.7675492545090117,-2.9202137271354696
-0.7378063230712658,0.2732312961117544,1.0,0,0,0,0,0,0,0,1.3482044490904317,0.8078703865787993,1.1305703164157326
-0.7378063230712658,0.2732312961117544,1.0,1,1,1,0,0,1,0,0.22883976288566868,0.628112526903582,-0.06078440959636888
-0.7378063230712658,0.2732312961117544,0.0,0,1,0,0,0,0,0,0.6257421732749622,-1.1077829767083145,-0.17733654659761747
-0.7378063230712658,0.2732312961117544,1.0,1,1,1,0,1,0,0,-0.7552116838192041,1.0172833482326915,0.3351205302800961
-0.7378063230712658,0.2732312961117544,1.0,0,1,0,0,0,0,1,1.2131016446883682,-1.1077829767083145,1.2951736030945988
1.2447454597110414,0.2732312961117544,1.0,0,1,1,1,0,0,0,-0.9444434915062955,-1.1077829767083145,-0.26486531719390427
-0.7378063230712658,0.2732312961117544,1.0,1,1,0,0,0,0,1,-0.39341956661065214,-1.1077829767083145,-1.905067770582251
2.236021351102195,-2.5228356340985316,0.0,1,1,1,0,0,1,0,3.4989793778347664,-1.1077829767083145,3.124939437458846
0.2534695683198878,0.2732312961117544,0.0,1,1,1,0,0,0,0,0.5557271417764572,-1.1077829767083145,0.43904657575501027
0.2534695683198878,0.2732312961117544,1.0,1,1,1,0,0,0,1,1.274820818348188,-1.1077829767083145,0.7551848680986367
-0.7378063230712658,0.2732312961117544,1.0,1,1,0,0,0,0,0,-0.5298543176548385,0.8655207633699971,-0.14335063876429482
-0.7378063230712658,0.2732312961117544,1.0,1,1,1,0,0,1,0,0.13780585237723655,1.1219582763440108,1.3847296321491551
-0.7378063230712658,0.2732312961117544,1.0,1,1,1,1,0,1,0,-1.2583684364405252,0.6865385628335261,-0.5525397120498465
-0.7378063230712658,0.2732312961117544,1.0,0,1,1,0,0,0,1,0.9889733582840943,-1.1077829767083145,1.5381182570038616
0.2534695683198878,0.2732312961117544,0.0,0,1,1,0,0,1,0,-0.4741339762637316,0.7398600805561251,-0.12656776816830648
1.2447454597110414,0.2732312961117544,1.0,1,1,1,0,0,0,0,-0.009803623997192475,0.7715025454556513,0.41355740303033994
-0.7378063230712658,-2.5228356340985316,1.0,1,1,1,0,0,0,1,1.239449818632929,-1.1077829767083145,-1.0916521654395093
-0.7378063230712658,0.2732312961117544,1.0,1,1,1,0,0,0,0,-0.19124966876233299,0.9735833413027929,0.7002190800772985
-0.7378063230712658,0.2732312961117544,1.0,0,0,1,0,0,0,0,0.13780585237723655,-1.1077829767083145,-0.2828311362010103
-0.7378063230712658,0.2732312961117544,1.0,1,1,1,0,0,0,0,-0.8405725440801922,0.98685258711527,0.0029428789586896007
-0.7378063230712658,2.1372759162519452,0.0,0,1,0,0,0,1,0,-0.9746519658308056,-1.1077829767083145,-1.4420732730843306
1.2447454597110414,0.2732312961117544,1.0,1,1,1,0,0,1,0,1.002020822838886,-1.1077829767083145,0.8915255855732974
-0.7378063230712658,0.2732312961117544,1.0,1,1,1,1,0,0,0,-1.294580352739507,0.8233514978307708,-0.6152864248387256
2.236021351102195,-0.6587910139583409,1.0,1,1,1,0,0,0,1,3.8989976355850775,-1.1077829767083145,3.438784457305025
2.236021351102195,-2.5228356340985316,1.0,0,1,1,1,0,0,0,-0.2706585325473972,-1.1077829767083145,-0.9367087503711017
-0.7378063230712658,0.2732312961117544,1.0,1,1,1,0,0,1,0,0.47833144272299255,1.1219582763440108,0.7551848680986367
-0.7378063230712658,0.2732312961117544,1.0,0,1,1,1,1,1,0,0.0547252456349193,0.5971156989594661,-0.7927119559243119
-0.7378063230712658,0.2732312961117544,1.0,1,1,1,0,0,0,0,-0.2817080599346367,0.8503384254679451,-0.2118985141187817
1.2447454597110414,0.2732312961117544,1.0,1,1,1,0,0,0,0,-1.113821326747101,0.8004855288624649,-0.4916663179655089
2.236021351102195,0.2732312961117544,0.0,0,1,1,0,0,1,0,0.42525285315343836,1.3020625129583159,2.733392083331502
0.2534695683198878,0.2732312961117544,1.0,1,1,1,0,0,1,0,-0.17336036283282602,-1.1077829767083145,-0.2118985141187817
-0.7378063230712658,2.1372759162519452,0.0,0,1,0,1,0,0,1,-0.9094846729340591,0.7722148679297859,-0.47177243074140923
0.2534695683198878,0.2732312961117544,0.0,0,1,1,0,0,0,1,0.6558468914336706,1.1874783658766952,0.6778110824203202
-0.7378063230712658,0.2732312961117544,0.0,0,1,0,0,0,0,0,-1.2148675135354614,1.0947830244031316,-1.318453166211112
-0.7378063230712658,-2.5228356340985316,1.0,1,1,1,0,0,1,0,0.14354927914902185,-1.1077829767083145,-1.1460315818489057
0.2534695683198878,0.2732312961117544,1.0,0,1,1,0,0,1,0,3.239822381444426,-1.1077829767083145,1.4241720082377487
-0.7378063230712658,0.2732312961117544,1.0,1,0,1,0,0,1,0,-0.22594666479300837,-1.1077829767083145,-0.3563204325672111
-0.7378063230712658,0.2732312961117544,1.0,1,1,1,0,1,1,0,3.4655739331707247,1.0783083933309436,-0.14335063876429482
0.2534695683198878,-0.6587910139583409,0.0,0,1,1,0,1,0,0,-1.0161045180656196,-1.1077829767083145,-1.3486627152890505
-0.7378063230712658,0.2732312961117544,0.0,1,1,1,0,0,0,0,-0.8765973018344025,0.8722471301194012,-1.6079457575909744
-0.7378063230712658,0.2732312961117544,1.0,1,1,1,0,1,0,0,-2.834400560852762,1.1063986298442572,0.537931757097833
-0.7378063230712658,-2.5228356340985316,1.0,1,1,1,0,0,0,0,1.2402816248385946,-1.1077829767083145,0.7660024386492361
-0.7378063230712658,0.2732312961117544,1.0,1,1,0,1,0,0,0,0.2367989887023211,-1.1077829767083145,-1.9866429390908262
-0.7378063230712658,0.2732312961117544,1.0,0,1,0,0,0,1,0,1.6310628994940934,-1.1077829767083145,0.48908852927322977
-0.7378063230712658,0.2732312961117544,1.0,0,1,1,1,0,0,1,0.5642359701777564,-1.1077829767083145,0.43904657575501027
-0.7378063230712658,0.2732312961117544,1.0,1,1,0,0,0,1,0,-0.12931815421602827,-1.1077829767083145,-1.06499678892756
-0.7378063230712658,0.2732312961117544,1.0,1,1,0,0,0,0,0,-0.0008950746723688461,-1.1077829767083145,-0.14335063876429482
0.2534695683198878,0.2732312961117544,1.0,0,1,1,0,0,1,0,-0.4561619443030007,0.9210501329146922,0.5619215310517007
-0.7378063230712658,0.2732312961117544,1.0,1,1,0,0,0,0,0,1.0652891130200353,1.0172833482326915,0.7551848680986367
-0.7378063230712658,0.2732312961117544,1.0,1,0,0,1,0,0,1,-1.2221690238489131,0.8982914728758213,-0.14335063876429482
-0.7378063230712658,0.2732312961117544,0.0,1,0,1,0,0,1,0,-0.31805882287298015,0.9433429912982241,-0.26486531719390427
-0.7378063230712658,0.2732312961117544,1.0,0,1,0,0,1,0,1,1.496070577790611,-1.1077829767083145,-0.8875712578419739
0.2534695683198878,0.2732312961117544,1.0,1,1,1,1,0,1,0,-0.741430528997781,0.9126198900476277,-0.724355590996497
1.2447454597110414,0.2732312961117544,0.0,1,1,0,0,0,1,0,0.248819351978235,-1.1077829767083145,0.5136563838905184
2.236021351102195,-2.5228356340985316,1.0,0,1,1,1,0,0,1,-0.07635577269874491,-1.1077829767083145,-0.012803201343461017
0.2534695683198878,0.2732312961117544,1.0,1,1,1,1,0,0,1,-0.2803779543424496,0.6967422448498726,0.09494828640563074
1.2447454597110414,0.2732312961117544,1.0,1,1,1,1,0,1,0,-0.10577584409426107,-1.1077829767083145,-0.07703236222851359
-0.7378063230712658,0.2732312961117544,1.0,1,0,0,1,0,1,0,0.07741250317746524,-1.1077829767083145,-0.14335063876429482
-0.7378063230712658,0.2732312961117544,1.0,1,0,0,0,0,0,1,-0.39819362600260577,-1.1077829767083145,-0.9617287853353964
-0.7378063230712658,0.2732312961117544,1.0,1,1,0,1,0,0,0,-0.08297559886074797,0.9158008238666603,-1.714358106087577
-0.7378063230712658,0.2732312961117544,1.0,1,1,0,0,0,0,1,-0.8153432389595474,-1.1077829767083145,-1.5736742405035302
-0.7378063230712658,0.2732312961117544,1.0,0,1,0,0,0,1,0,-0.3171509421693288,-1.1077829767083145,-0.028671820467587802
-0.7378063230712658,0.2732312961117544,1.0,0,0,0,0,0,1,0,1.3482044490904317,-1.1077829767083145,1.0288250399796153
2.236021351102195,0.2732312961117544,0.0,0,1,1,0,0,1,0,-0.3117147856771816,0.7337409142709249,-0.012803201343461017
0.2534695683198878,0.2732312961117544,1.0,1,1,1,0,1,0,1,0.9601557203962161,-1.1077829767083145,1.2616072934381741
2.236021351102195,0.2732312961117544,1.0,1,1,1,1,1,0,0,0.4769719682837278,-1.1077829767083145,0.018568298456255856
-0.7378063230712658,0.2732312961117544,1.0,1,1,1,0,0,0,1,-0.4325185446520128,0.9614817807530609,0.12471680438712059
2.236021351102195,0.2732312961117544,1.0,1,1,1,1,0,1,0,-0.13253801130571877,0.6717501483230846,-0.5117562072339227
-0.7378063230712658,0.2732312961117544,1.0,0,1,1,0,0,0,0,-5.157769576556438,0.827834790922725,0.09494828640563074
-0.7378063230712658,0.2732312961117544,1.0,1,1,1,0,0,1,0,-0.1829033975431033,0.824225328556824,0.03407489232129134
1.2447454597110414,0.2732312961117544,0.0,0,1,1,0,0,1,0,0.2728945437309359,-1.1077829767083145,-1.1737749658209815
1.2447454597110414,0.2732312961117544,0.0,1,0,1,0,0,1,0,0.032788235689549236,0.9002484932735063,-0.028671820467587802
-0.7378063230712658,0.2732312961117544,0.0,0,1,1,0,0,0,1,-0.9857843406068981,-1.1077829767083145,-1.5399692207850493
1.2447454597110414,0.2732312961117544,1.0,1,1,1,0,0,1,0,-0.06976407033631962,0.8156518045857468,-0.2118985141187817
-0.7378063230712658,0.2732312961117544,1.0,1,1,0,0,0,1,0,-0.5345457751866802,0.9410411688428143,0.22561194869847703
-0.7378063230712658,0.2732312961117544,1.0,1,1,1,0,0,1,0,0.917948689087081,0.6787399002095281,0.6206894966924292
-0.7378063230712658,0.2732312961117544,1.0,1,1,1,0,0,1,0,0.6190549032672866,-1.1077829767083145,-0.012803201343461017
-0.7378063230712658,0.2732312961117544,1.0,0,1,1,0,0,0,0,-0.3953274279986178,-1.1077829767083145,0.5619215310517007
-0.7378063230712658,0.2732312961117544,1.0,0,1,1,1,1,0,1,0.18841942769242273,-1.1077829767083145,0.13943966449561124
1.2447454597110414,0.2732312961117544,1.0,1,1,1,0,0,1,0,0.6190549032672866,0.8123238334296246,0.9905308203319032
-0.7378063230712658,2.1372759162519452,1.0,1,1,1,0,0,1,0,0.19593625456939043,-1.1077829767083145,0.41355740303033994
-0.7378063230712658,0.2732312961117544,1.0,1,1,0,0,1,0,0,0.6558468914336706,-1.1077829767083145,0.8915255855732974
0.2534695683198878,0.2732312961117544,1.0,1,1,1,0,0,1,0,-0.8078537566219668,0.8619023010356873,-0.43255762089003547
-0.7378063230712658,-2.5228356340985316,1.0,1,1,1,0,0,0,0,-0.18748828976077597,-1.1077829767083145,-2.252991502205808
-0.7378063230712658,0.2732312961117544,1.0,1,1,0,1,0,0,0,-0.4247168031189551,0.9225447351954481,-0.14335063876429482
-0.7378063230712658,0.2732312961117544,1.0,1,0,0,0,0,1,0,1.0652891130200353,-1.1077829767083145,1.574727988419335
0.2534695683198878,0.2732312961117544,1.0,1,1,1,0,0,1,0,-0.44134265229362607,0.8248062438369801,0.16857026372749884
0.2534695683198878,0.2732312961117544,1.0,1,1,1,0,0,0,0,0.42074657130507603,0.735796790840703,0.5619215310517007
-0.7378063230712658,0.2732312961117544,0.0,0,1,1,0,0,0,1,0.48862470445740647,-1.1077829767083145,1.3847296321491551
-0.7378063230712658,0.2732312961117544,0.0,1,0,0,0,1,0,1,-0.29686282409932735,-1.1077829767083145,-0.10992190212549849
0.2534695683198878,0.2732312961117544,1.0,1,0,0,0,0,0,0,-0.14792425090370856,-1.1077829767083145,-0.2828311362010103
0.2534695683198878,0.2732312961117544,1.0,1,1,1,0,0,1,0,-0.3646116616622684,-1.1077829767083145,-0.594155590493605
1.2447454597110414,0.2732312961117544,1.0,1,1,1,0,0,0,0,0.5082090346213305,1.0915504627256598,-0.14335063876429482
0.2534695683198878,-2.5228356340985316,1.0,0,1,1,1,0,0,1,-0.7960688534781545,0.8528231840332192,0.16857026372749884
-0.7378063230712658,-4.386880254238722,1.0,1,1,0,0,0,0,1,-0.5376813129562591,1.1254231008788964,0.3747160902523562
1.2447454597110414,0.2732312961117544,1.0,1,1,1,0,1,0,0,0.6190549032672866,0.7438604197907885,-0.3563204325672111
-0.7378063230712658,0.2732312961117544,1.0,1,1,1,1,0,1,0,-0.3226062120549957,1.059544295325382,-0.09341082190198383
-0.7378063230712658,-2.5228356340985316,1.0,0,1,0,0,1,0,1,0.5686011625201143,1.0545875147866197,-0.14335063876429482
1.2447454597110414,0.2732312961117544,1.0,1,1,1,0,0,0,1,1.3014294560195105,-1.1077829767083145,-0.2828311362010103
0.2534695683198878,-2.5228356340985316,1.0,1,1,1,1,0,0,1,0.70546313455081,-1.1077829767083145,0.12471680438712059
0.2534695683198878,2.1372759162519452,1.0,1,1,1,0,0,1,0,-0.58171919828957,0.8339274299601684,-0.09341082190198383
-0.7378063230712658,0.2732312961117544,1.0,1,1,1,0,0,0,1,-1.303981234630888,0.8374046806372657,-0.724355590996497
-0.7378063230712658,0.2732312961117544,0.0,0,1,1,1,0,1,0,-1.429816820155989,1.0267453706500227,0.9016452453828202
1.2447454597110414,0.2732312961117544,1.0,0,0,0,0,0,0,1,-0.3130720402424608,-1.1077829767083145,0.13943966449561124
-0.7378063230712658,0.2732312961117544,1.0,1,1,0,1,1,0,0,-0.75160478236161,0.8757244453863435,-0.43255762089003547
0.2534695683198878,-2.5228356340985316,1.0,1,1,1,1,0,1,0,-0.7054624912903558,1.1821170232423723,1.5674584360978452
-0.7378063230712658,0.2732312961117544,0.0,0,1,0,0,1,0,1,2.101443206930585,-1.1077829767083145,0.8087078166201294
2.236021351102195,0.2732312961117544,1.0,1,0,0,0,0,0,0,-0.47714965860914554,-1.1077829767083145,1.3847296321491551
-0.7378063230712658,0.2732312961117544,0.0,0,1,0,1,0,0,0,0.5673185567776814,-1.1077829767083145,-0.22940168825346138
2.236021351102195,0.2732312961117544,1.0,0,1,1,0,0,0,1,0.3485810310352174,-1.1077829767083145,-0.6366385284875709
-0.7378063230712658,0.2732312961117544,1.0,0,1,1,0,0,0,0,1.9441204415490743,0.867618593051165,1.741847321400375
2.236021351102195,0.2732312961117544,0.0,0,1,1,1,0,1,0,0.2513381318792273,-1.1077829767083145,-0.012803201343461017
0.2534695683198878,0.2732312961117544,0.0,1,1,1,0,0,0,1,0.5770398724992843,1.04959446722902,1.9086597513972103
-0.7378063230712658,0.2732312961117544,1.0,1,1,0,0,0,1,0,-1.102487689221409,0.8806789613820448,0.07989945598767988
0.2534695683198878,-4.759689178266761,1.0,0,0,0,0,0,1,0,-0.28882127848286526,-1.1077829767083145,0.3747160902523562
-0.7378063230712658,0.2732312961117544,1.0,1,0,0,0,0,0,0,0.8385683567481509,-1.1077829767083145,-0.14335063876429482
-0.7378063230712658,0.2732312961117544,1.0,1,1,0,0,1,1,0,0.3235600014640899,-1.1077829767083145,-0.012803201343461017
-0.7378063230712658,0.2732312961117544,1.0,1,1,0,0,0,0,0,-0.036840344320912585,0.9955342386887445,0.3217492871772336
1.2447454597110414,0.2732312961117544,1.0,1,1,1,0,0,1,0,0.17954860668083106,0.7605749600083269,0.30828978440519506
2.236021351102195,0.2732312961117544,0.0,1,1,1,0,0,0,1,0.050792244597995605,0.8294071091295108,0.43904657575501027
-0.7378063230712658,0.2732312961117544,1.0,0,0,0,0,0,0,0,-0.3171509421693288,-1.1077829767083145,0.09494828640563074
0.2534695683198878,0.2732312961117544,1.0,1,0,0,0,0,0,1,-0.5849516329550991,0.7909058151809205,-0.724355590996497
-0.7378063230712658,0.2732312961117544,1.0,1,0,0,0,0,0,1,-0.40154422935557227,-1.1077829767083145,-2.9202137271354696
-0.7378063230712658,0.2732312961117544,1.0,1,1,1,0,0,0,1,1.5165268014461102,-1.1077829767083145,0.10988686799186656
-0.7378063230712658,0.2732312961117544,1.0,1,1,0,0,0,0,0,-0.6083166086732382,0.8358804561608076,-0.04466490062062163
-0.7378063230712658,0.2732312961117544,1.0,1,1,1,0,0,1,0,-0.7295456139098044,0.8823095641230877,0.30828978440519506
1.2447454597110414,0.2732312961117544,1.0,1,1,1,0,0,1,0,-0.1125226656551801,-1.1077829767083145,-0.724355590996497
0.2534695683198878,0.2732312961117544,1.0,1,1,1,0,0,1,0,-0.6544364412208941,0.8337873612108041,-0.22940168825346138
-0.7378063230712658,0.2732312961117544,1.0,1,1,1,0,0,1,0,-0.07596724932667262,0.9822421492314805,0.9613306946234941
-0.7378063230712658,0.2732312961117544,1.0,1,1,1,0,0,0,1,-0.4671200950604899,0.7438604197907885,-0.9617287853353964
-0.7378063230712658,0.2732312961117544,1.0,1,1,1,0,0,1,0,1.9335179123984854,-1.1077829767083145,2.475153969019821
-0.7378063230712658,0.2732312961117544,0.0,1,0,1,1,0,0,0,-0.03494749538752009,-1.1077829767083145,-0.07703236222851359
0.2534695683198878,0.2732312961117544,0.0,0,1,0,1,1,0,1,-0.05283210779872194,0.9048644214389338,0.41355740303033994
-0.7378063230712658,0.2732312961117544,1.0,1,1,1,0,0,1,0,-0.10182078694817409,0.6186181951473634,-0.2828311362010103
1.2447454597110414,-2.5228356340985316,1.0,1,1,1,0,0,0,1,-0.9309044171303419,0.6724838647767392,-1.0127091223338118
-0.7378063230712658,0.2732312961117544,1.0,1,0,0,0,0,0,1,-1.302267741272567,0.8078703865787993,-1.7510997715891163
-0.7378063230712658,0.2732312961117544,1.0,0,1,1,0,0,0,0,2.474490079258931,-1.1077829767083145,-0.012803201343461017
-0.7378063230712658,0.2732312961117544,1.0,1,1,0,0,0,0,0,-0.4398684782366321,0.9642016661573962,-0.7468873922579251
-0.7378063230712658,-0.6587910139583409,1.0,0,0,0,0,1,1,0,-0.741430528997781,0.8156518045857468,-0.532045999180452
-0.7378063230712658,0.2732312961117544,1.0,1,1,1,0,0,0,0,-0.19250549082867818,0.8550263012689808,-0.14335063876429482
-0.7378063230712658,0.2732312961117544,1.0,1,0,0,0,0,1,0,-0.025893826645045956,-1.1077829767083145,-0.22940168825346138
-0.7378063230712658,0.2732312961117544,1.0,1,1,0,0,0,0,0,1.2699334726074185,-1.1077829767083145,0.7551848680986367
-0.7378063230712658,0.2732312961117544,1.0,1,1,1,0,0,0,0,-0.4811797078314126,0.9037982897298346,0.15405698348110242
1.2447454597110414,0.2732312961117544,0.0,0,1,1,0,0,1,0,0.07459467161382949,-1.1077829767083145,-0.028671820467587802
1.2447454597110414,0.2732312961117544,1.0,1,1,1,0,0,0,1,-0.4423262137073982,0.7909058151809205,0.07989945598767988
-0.7378063230712658,2.1372759162519452,0.0,0,0,0,0,0,0,1,0.39715784871846554,-1.1077829767083145,0.21150042340687933
-0.7378063230712658,0.2732312961117544,1.0,1,1,1,0,0,1,0,-0.8765973018344025,0.9869300250325161,0.5856323478224004
2.236021351102195,0.2732312961117544,1.0,1,1,1,0,0,0,1,0.08022522650070542,0.7337409142709249,-0.3192447336033025
0.2534695683198878,0.2732312961117544,1.0,1,1,1,0,0,1,0,0.7669125709688488,-1.1077829767083145,0.8915255855732974
0.2534695683198878,0.2732312961117544,1.0,1,0,1,0,0,0,1,0.16564794644880307,-1.1077829767083145,0.09494828640563074
-0.7378063230712658,2.1372759162519452,1.0,0,0,0,0,0,0,0,0.2728945437309359,0.9168186286259905,0.3217492871772336
0.2534695683198878,0.2732312961117544,1.0,0,1,1,0,0,0,1,-1.1375098491410598,0.9531458832496206,-0.26486531719390427
-0.7378063230712658,0.2732312961117544,0.0,0,1,1,1,0,0,1,-1.3117154587347026,0.9539389057456827,-0.6582165845181062
-0.7378063230712658,0.2732312961117544,1.0,1,1,1,1,0,1,0,-0.5854910273906611,0.8205646954732526,-0.41322944521526506
-0.7378063230712658,0.2732312961117544,1.0,1,0,0,0,0,0,0,0.2728945437309359,-1.1077829767083145,0.04946445417398542
0.2534695683198878,0.2732312961117544,1.0,1,1,1,0,0,0,1,-1.470315281569115,0.8282645553489021,-0.594155590493605
-0.7378063230712658,0.2732312961117544,1.0,1,1,0,0,0,0,0,-0.07325030640655872,0.9126198900476277,0.16857026372749884
-0.7378063230712658,0.2732312961117544,1.0,0,1,0,1,0,0,1,-1.1483275986873756,-1.1077829767083145,-0.012803201343461017
-0.7378063230712658,0.2732312961117544,1.0,1,0,0,0,0,0,0,-0.16840459153441378,0.8078703865787993,0.09494828640563074
-0.7378063230712658,0.2732312961117544,0.0,0,0,0,0,0,0,1,-0.8655725292917734,0.836712966499747,-0.43255762089003547
-0.7378063230712658,0.2732312961117544,1.0,0,1,0,0,0,0,0,2.4415623095118715,-1.1077829767083145,2.67077383847566
1.2447454597110414,0.2732312961117544,0.0,1,1,1,1,0,0,0,0.9360625642593783,-1.1077829767083145,0.7333760263436212
-0.7378063230712658,0.2732312961117544,1.0,1,0,0,0,0,1,0,-0.5629963775011092,-1.1077829767083145,-0.8634395292591737
-0.7378063230712658,0.2732312961117544,1.0,1,1,0,1,0,1,0,-0.5576882365787909,0.9026204381895668,-0.300956653470836
-0.7378063230712658,0.2732312961117544,1.0,1,0,0,0,0,0,0,-0.797923687026329,-1.1077829767083145,-1.678266769810647
1.2447454597110414,-4.014071330210684,0.0,1,1,1,0,1,0,0,0.48862470445740647,-1.1077829767083145,0.22561194869847703
-0.7378063230712658,0.2732312961117544,1.0,0,1,1,0,0,0,0,-0.8191015809141255,0.8339274299601684,0.4263418164843506
0.2534695683198878,-2.5228356340985316,1.0,1,1,1,1,0,0,1,-0.32579733307053793,0.8038112733308241,-0.300956653470836
1.2447454597110414,0.2732312961117544,1.0,1,1,1,0,0,1,0,-0.18707092107547188,-1.1077829767083145,-0.14335063876429482
-0.7378063230712658,0.2732312961117544,0.0,1,1,1,0,0,0,1,-1.1039940661147514,0.8717638043196606,-0.7696709506980769
0.2534695683198878,0.2732312961117544,0.0,1,0,0,0,0,1,0,-0.2623132064165161,-1.1077829767083145,-0.2828311362010103
0.2534695683198878,0.2732312961117544,1.0,0,1,1,0,1,0,0,1.3482044490904317,-1.1077829767083145,0.3747160902523562
-0.7378063230712658,0.2732312961117544,1.0,1,1,1,0,0,1,0,-0.8655725292917734,0.8757244453863435,-0.22940168825346138
2.236021351102195,0.2732312961117544,1.0,1,1,1,0,0,1,0,0.05401089567834792,0.2470864378141045,-0.07703236222851359
1.2447454597110414,0.2732312961117544,1.0,1,1,1,1,0,0,0,-0.236250419837282,0.7958212567541549,-0.012803201343461017
-0.7378063230712658,0.2732312961117544,0.0,1,0,0,0,0,0,0,-0.43594418128970297,0.9583872688863756,0.04946445417398542
2.236021351102195,0.2732312961117544,1.0,1,1,1,0,0,0,0,1.977259453055645,-1.1077829767083145,1.7149280226411716
0.2534695683198878,0.2732312961117544,0.0,0,1,1,0,1,0,0,1.1260782736217525,1.090671206099818,2.1740022794543634
-0.7378063230712658,0.2732312961117544,0.0,1,1,0,0,0,0,0,0.24692758005730708,-1.1077829767083145,0.018568298456255856
-0.7378063230712658,0.2732312961117544,1.0,1,1,1,0,1,1,0,0.5079424192622637,0.874889370908533,0.7223835077197738
-0.7378063230712658,0.2732312961117544,1.0,0,0,1,0,0,0,1,0.050792244597995605,0.9075106501027669,-0.3192447336033025
-0.7378063230712658,0.2732312961117544,1.0,1,0,0,0,0,0,1,-0.8022602746159628,-1.1077829767083145,-1.318453166211112
0.2534695683198878,0.2732312961117544,1.0,1,1,0,0,0,0,1,0.06894360931129478,0.8268292168386149,-0.19454430497423147
-0.7378063230712658,0.2732312961117544,1.0,1,1,0,0,0,1,0,-0.5534547603417966,-1.1077829767083145,-0.5525397120498465
-0.7378063230712658,0.2732312961117544,1.0,1,1,0,0,0,0,1,-0.6083166086732382,-1.1077829767083145,-1.2019010292098635
-0.7378063230712658,-2.5228356340985316,1.0,1,1,1,0,0,0,1,4.212089392887042,-1.1077829767083145,2.71273225851004
0.2534695683198878,-2.5228356340985316,1.0,1,1,1,0,1,0,1,1.3220770992630944,0.8325233115839226,0.7002190800772985
-0.7378063230712658,0.2732312961117544,1.0,1,1,1,0,1,1,0,0.42159249667537985,1.0637760258002142,-1.2304204768512392
0.2534695683198878,0.2732312961117544,1.0,1,1,1,0,0,0,0,0.3485810310352174,0.5797256744527208,0.43904657575501027
1.2447454597110414,0.2732312961117544,1.0,1,1,1,0,1,0,0,-0.8022602746159628,1.0700244258518092,0.6322425432713717
2.236021351102195,0.2732312961117544,0.0,0,0,0,1,0,0,1,-1.2860832445461468,-1.1077829767083145,-0.012803201343461017
-0.7378063230712658,0.2732312961117544,1.0,1,0,0,0,0,1,0,-0.012411615137790252,-1.1077829767083145,-1.2019010292098635
2.236021351102195,0.2732312961117544,1.0,0,1,1,1,0,0,0,-0.7136440368376232,0.7953339019700587,0.5973851599921436
-0.7378063230712658,0.2732312961117544,1.0,0,0,0,0,0,0,0,-0.8798548467603032,-1.1077829767083145,-2.071618037134849
0.2534695683198878,0.2732312961117544,1.0,1,1,1,1,0,0,1,0.12795890516315622,0.7293695471605385,0.41355740303033994
2.236021351102195,0.2732312961117544,1.0,1,1,1,1,0,1,0,-0.4325185446520128,-1.1077829767083145,-1.1186606035515918
1.2447454597110414,0.2732312961117544,1.0,1,1,1,0,0,0,0,-0.75160478236161,0.8944431641945635,-0.06078440959636888
-0.7378063230712658,0.2732312961117544,1.0,1,1,1,0,0,1,0,-0.8028807777549142,0.9082467602049671,0.43904657575501027
-0.7378063230712658,0.2732312961117544,0.0,0,1,1,1,0,0,0,-0.27021818400512787,0.97874946264061,0.3351205302800961
1.2447454597110414,0.2732312961117544,1.0,1,1,1,1,0,0,1,-0.47714965860914554,0.87584352158542,-0.04466490062062163
-0.7378063230712658,0.2732312961117544,0.0,1,1,1,0,0,1,0,0.6395208576077175,1.069068587098289,1.4163443315754325
-0.7378063230712658,0.2732312961117544,1.0,1,1,1,0,0,0,0,-0.7265885554994569,1.1491595347526136,0.7551848680986367
-0.7378063230712658,0.2732312961117544,1.0,1,1,1,0,0,1,0,1.1989894274621626,-1.1077829767083145,1.157460032670107
-0.7378063230712658,0.2732312961117544,1.0,0,1,0,0,0,0,0,1.1410435657313824,1.0445029639064678,1.7684158701209387
2.236021351102195,0.2732312961117544,1.0,1,1,1,0,0,0,0,-0.7025509346501453,0.8655207633699971,-0.6152864248387256
-0.7378063230712658,0.2732312961117544,0.0,0,0,1,0,1,0,0,0.42074657130507603,-1.1077829767083145,-0.41322944521526506
-0.7378063230712658,0.2732312961117544,1.0,1,0,1,0,0,1,0,-0.8507802656237542,0.5000129806954525,0.018568298456255856
-0.7378063230712658,-2.5228356340985316,1.0,1,0,0,0,0,0,1,-0.14751738894299968,-1.1077829767083145,-0.2118985141187817
1.2447454597110414,0.2732312961117544,1.0,1,1,1,0,0,0,0,1.0652891130200353,0.97366486197691,0.5014094565867142
0.2534695683198878,0.2732312961117544,1.0,0,1,1,0,0,0,1,-0.12249806376999917,-1.1077829767083145,-1.318453166211112
-0.7378063230712658,2.1372759162519452,0.0,0,1,1,1,0,0,1,-0.5194793670731671,0.8078703865787993,-0.5117562072339227
2.236021351102195,0.2732312961117544,1.0,1,1,1,0,0,1,0,0.3238602565358091,0.97366486197691,0.8915255855732974
0.2534695683198878,0.2732312961117544,1.0,0,0,0,0,0,1,0,0.1844831006468289,-1.1077829767083145,-0.9367087503711017
1.2447454597110414,0.2732312961117544,1.0,1,1,1,0,0,1,0,0.2728945437309359,1.0115055121203935,1.2274791785285362
-0.7378063230712658,0.2732312961117544,1.0,1,1,1,0,0,0,1,0.19332583447390114,0.8947752757942,0.018568298456255856
-0.7378063230712658,-0.6587910139583409,0.0,1,1,1,0,0,0,1,-0.5127726616955289,0.9625050980756765,-0.6152864248387256
-0.7378063230712658,0.2732312961117544,1.0,1,1,0,0,1,0,0,0.7549068014309432,-1.1077829767083145,0.1829809757655036
-0.7378063230712658,0.2732312961117544,1.0,0,1,0,1,0,0,0,0.6105926887297445,-1.1077829767083145,0.06473873732769238
-0.7378063230712658,2.1372759162519452,1.0,0,1,0,0,0,1,0,-0.8022602746159628,-1.1077829767083145,-0.594155590493605
-0.7378063230712658,0.2732312961117544,0.0,0,1,0,0,0,0,0,0.3108965306067358,-1.1077829767083145,-0.07703236222851359
0.2534695683198878,0.2732312961117544,1.0,1,1,1,0,0,1,0,0.6375599498228369,-1.1077829767083145,0.6206894966924292
-0.7378063230712658,0.2732312961117544,1.0,0,1,1,0,0,0,0,2.4025041357869337,1.1049320408972623,3.0205254717725336
-0.7378063230712658,0.2732312961117544,1.0,1,0,0,0,1,1,0,2.053842089874582,-1.1077829767083145,-1.714358106087577
1.2447454597110414,0.2732312961117544,1.0,1,1,1,0,0,1,0,0.32925493560556157,-1.1077829767083145,0.3747160902523562
1.2447454597110414,-0.6587910139583409,1.0,1,1,1,0,1,0,0,1.239449818632929,1.208762345444884,2.195523400241726
0.2534695683198878,-2.5228356340985316,0.0,0,1,0,0,0,0,1,-0.4877509458725747,0.8533432581931619,-0.300956653470836
-0.7378063230712658,0.2732312961117544,1.0,1,0,0,0,0,0,1,-0.6465604442162617,0.7736336447580593,-0.3192447336033025
-0.7378063230712658,-2.5228356340985316,1.0,1,1,1,0,0,0,1,0.21505365558132694,0.6555047458573997,-0.14335063876429482
2.236021351102195,0.2732312961117544,1.0,1,1,1,0,0,0,0,1.1410435657313824,1.0913438480051971,0.018568298456255856
-0.7378063230712658,0.2732312961117544,0.0,1,1,1,0,0,1,0,0.042536339450802534,-1.1077829767083145,0.018568298456255856
-0.7378063230712658,2.1372759162519452,1.0,0,1,0,0,0,0,1,-0.48420912905726765,-1.1077829767083145,-1.2019010292098635
1.2447454597110414,0.2732312961117544,1.0,1,1,1,0,0,0,1,0.38969423209973914,-1.1077829767083145,0.018568298456255856
-0.7378063230712658,0.2732312961117544,1.0,1,1,1,0,0,1,0,-0.3562121748606763,0.9126198900476277,-0.012803201343461017
-0.7378063230712658,0.2732312961117544,1.0,1,1,0,0,0,1,0,0.5403971139234574,1.0484987793058327,1.6876485888125012
-0.7378063230712658,0.2732312961117544,1.0,1,0,0,0,0,0,1,0.5557271417764572,-1.1077829767083145,0.3877455739868702
-0.7378063230712658,0.2732312961117544,1.0,1,1,0,0,1,0,1,0.8314416483337924,-1.1077829767083145,-0.012803201343461017
1.2447454597110414,0.2732312961117544,1.0,0,1,1,0,0,0,1,0.13204108619350993,-1.1077829767083145,-0.5117562072339227
0.2534695683198878,-2.5228356340985316,1.0,1,1,0,0,0,0,1,-0.2080781209150844,-1.1077829767083145,-0.26486531719390427
-0.7378063230712658,0.2732312961117544,1.0,1,1,0,1,0,1,0,-0.9008666695697748,0.7974391613775519,0.04946445417398542
-0.7378063230712658,0.2732312961117544,0.0,0,1,1,1,0,0,1,-0.5143177918596707,0.9711256761782052,-0.012803201343461017
-0.7378063230712658,0.2732312961117544,1.0,1,1,1,0,0,0,1,-0.9094846729340591,0.903905101203176,0.10988686799186656
-0.7378063230712658,0.2732312961117544,1.0,1,1,1,0,0,0,0,0.4173582502243405,-1.1077829767083145,-0.06078440959636888
2.236021351102195,0.2732312961117544,1.0,1,1,0,0,0,0,0,1.213270891274657,-1.1077829767083145,0.7333760263436212
2.236021351102195,0.2732312961117544,1.0,1,1,1,0,0,0,0,1.269280661793846,-1.1077829767083145,1.5381182570038616
-0.7378063230712658,0.2732312961117544,0.0,1,1,1,0,0,0,1,-0.75160478236161,0.8694555706809215,-0.14335063876429482
1.2447454597110414,-2.5228356340985316,1.0,1,1,1,1,0,1,0,-1.1537648891318835,0.8014401204602619,-0.26486531719390427
1.2447454597110414,0.2732312961117544,1.0,1,1,1,0,0,0,1,-0.4686204027470287,0.762982161042046,-0.26486531719390427
1.2447454597110414,0.2732312961117544,0.0,1,1,1,0,0,1,0,-0.38296805810093343,0.48906774704564776,0.09494828640563074
-0.7378063230712658,0.2732312961117544,0.0,0,0,0,0,0,0,1,-0.4291004546629087,-1.1077829767083145,-1.2019010292098635
-0.7378063230712658,0.2732312961117544,1.0,1,1,1,0,0,0,1,-0.5025109306505589,0.7736336447580593,-0.6152864248387256
-0.7378063230712658,0.2732312961117544,1.0,1,1,0,1,0,0,0,-0.11172739752999453,0.8078703865787993,-0.3376983189723734
-0.7378063230712658,0.2732312961117544,0.0,0,0,0,0,0,1,0,-1.5944274750718306,0.827834790922725,-0.4520707579932488
1.2447454597110414,-2.5228356340985316,0.0,0,1,1,1,0,0,1,-0.5779565161933713,-1.1077829767083145,-2.1154714964752275
-0.7378063230712658,-0.6587910139583409,1.0,0,1,0,1,0,0,0,-0.6516189934188049,-1.1077829767083145,-1.3793265602954516
-0.7378063230712658,0.2732312961117544,1.0,1,1,0,0,0,1,0,-0.8022602746159628,1.4494761361295196,-0.4520707579932488
-0.7378063230712658,0.2732312961117544,1.0,1,0,0,1,0,1,0,-1.1772858258455932,-1.1077829767083145,-1.7885156335810015
-0.7378063230712658,0.2732312961117544,1.0,0,0,0,0,1,0,0,0.8896455506723705,-1.1077829767083145,0.8297297272042946
-0.7378063230712658,0.2732312961117544,1.0,1,0,0,0,0,1,0,0.12557266355299437,-1.1077829767083145,-0.22940168825346138
-0.7378063230712658,0.2732312961117544,1.0,1,1,1,1,0,0,1,-1.023956961263304,0.9020832698387369,-0.22940168825346138
-0.7378063230712658,0.2732312961117544,1.0,1,0,0,1,0,0,0,-0.9913806246839025,-1.1077829767083145,-1.3486627152890505
0.2534695683198878,-0.6587910139583409,0.0,0,1,1,0,0,1,0,1.0591331991338424,-1.1077829767083145,0.3351205302800961
2.236021351102195,0.2732312961117544,0.0,0,1,1,0,0,0,0,4.5937379572568,-1.1077829767083145,2.0855718474387963
0.2534695683198878,0.2732312961117544,1.0,0,0,0,1,1,1,0,-0.12570378408036334,-1.1077829767083145,-1.4741858622131117
-0.7378063230712658,0.2732312961117544,0.0,1,1,1,0,0,0,1,0.6205434560628812,-1.1077829767083145,0.43904657575501027
-0.7378063230712658,0.2732312961117544,0.0,0,1,1,1,0,0,0,0.5803516519386487,-1.1077829767083145,1.0664133350413663
-0.7378063230712658,0.2732312961117544,1.0,1,1,1,1,0,0,0,-0.9635988962676971,0.8592500148674929,-0.3192447336033025
-0.7378063230712658,0.2732312961117544,0.0,0,0,1,1,0,1,0,-1.0368927589390422,0.9793082871381608,0.655154101916611
-0.7378063230712658,0.2732312961117544,1.0,1,0,0,0,0,0,1,-0.5220666080899834,-1.1077829767083145,-1.5399692207850493
0.2534695683198878,0.2732312961117544,1.0,0,0,0,0,0,0,1,-0.741430528997781,-1.1077829767083145,0.43904657575501027
1.2447454597110414,0.2732312961117544,1.0,0,1,1,0,1,0,1,-1.4943561728008492,1.4494761361295196,1.2531286647299555
-0.7378063230712658,0.2732312961117544,1.0,1,1,1,0,0,0,0,-2.1847429712464153,0.9393710583867446,-0.2828311362010103
-0.7378063230712658,0.2732312961117544,1.0,1,1,1,0,0,1,0,-0.39723763824699954,0.7660965545698707,0.13943966449561124
-0.7378063230712658,0.2732312961117544,1.0,1,1,1,0,0,0,0,0.5108726714613824,-1.1077829767083145,0.13943966449561124
-0.7378063230712658,0.2732312961117544,0.0,0,0,0,1,0,0,1,-0.6714494195528675,-1.1077829767083145,-0.9617287853353964
-0.7378063230712658,0.2732312961117544,1.0,1,1,1,0,0,0,1,-1.294580352739507,0.8159522313015694,-0.5117562072339227
0.2534695683198878,0.2732312961117544,0.0,0,1,1,0,0,0,1,0.8493044089826142,0.8080252391970063,-0.3192447336033025
-0.7378063230712658,0.2732312961117544,1.0,1,1,1,0,0,1,0,1.9647978259715662,-1.1077829767083145,-0.594155590493605
-0.7378063230712658,0.2732312961117544,1.0,1,1,1,0,0,0,0,-0.7025509346501453,1.052613874097023,-0.12656776816830648
0.2534695683198878,0.2732312961117544,1.0,0,0,0,1,0,0,0,0.14557130560148995,-1.1077829767083145,-0.9367087503711017
1.2447454597110414,0.2732312961117544,1.0,1,1,1,0,0,1,0,0.538829609417411,-1.1077829767083145,0.06473873732769238
-0.7378063230712658,0.2732312961117544,1.0,1,1,1,0,0,0,0,-0.5614020275629763,-0.37438356671660344,-0.7927119559243119
-0.7378063230712658,-2.5228356340985316,1.0,1,1,0,1,0,0,1,-0.6731610226809561,-1.1077829767083145,-1.5399692207850493
0.2534695683198878,0.2732312961117544,1.0,1,0,0,0,1,1,0,1.1185411480799734,-1.1077829767083145,0.30828978440519506
-0.7378063230712658,0.2732312961117544,0.0,0,1,0,0,0,0,0,0.6798989631896079,-1.1077829767083145,-0.41322944521526506
-0.7378063230712658,0.2732312961117544,1.0,1,1,0,0,0,1,0,1.7403752066858358,-1.1077829767083145,2.325116383976776
-0.7378063230712658,0.2732312961117544,1.0,1,1,1,0,0,1,0,-0.849500621775329,0.8955485457333061,0.21150042340687933
-0.7378063230712658,0.2732312961117544,1.0,1,1,0,0,0,0,1,-0.17336036283282602,-1.1077829767083145,-0.5117562072339227
-0.7378063230712658,-1.5908133240284363,1.0,1,0,1,0,0,1,0,1.3554790097432299,-1.1077829767083145,-0.012803201343461017
-0.7378063230712658,0.2732312961117544,1.0,1,1,0,0,0,1,0,-1.2067948206197483,0.8350452530613673,-1.905067770582251
-0.7378063230712658,0.2732312961117544,1.0,1,1,1,0,0,0,1,-0.9913806246839025,0.7065579993504528,-0.012803201343461017
-0.7378063230712658,0.2732312961117544,0.0,0,1,0,0,1,0,1,1.4114370530128528,-1.1077829767083145,0.7551848680986367
-0.7378063230712658,0.2732312961117544,1.0,1,0,1,1,1,0,0,0.8260207495266875,-1.1077829767083145,0.13943966449561124
-0.7378063230712658,0.2732312961117544,1.0,1,1,0,0,0,1,0,-0.2110419576869382,1.094834010035269,0.7551848680986367
-0.7378063230712658,0.2732312961117544,1.0,1,1,1,0,0,0,0,0.9827028043458277,0.8325233115839226,0.6778110824203202
2.236021351102195,0.2732312961117544,1.0,1,1,0,1,0,1,0,0.17921908176119766,0.8541214106649015,0.2811012847214943
0.2534695683198878,0.2732312961117544,1.0,1,1,0,0,0,1,0,3.4079194045546424,-1.1077829767083145,0.3351205302800961
-0.7378063230712658,-0.6587910139583409,0.0,1,1,1,0,0,0,0,0.8669638591990013,1.2234232048186175,0.6206894966924292
0.2534695683198878,0.2732312961117544,1.0,1,1,1,0,1,0,0,-0.295519668847419,0.7253497052814321,0.018568298456255856
1.2447454597110414,0.2732312961117544,1.0,1,1,1,1,0,0,0,0.16098657961750007,-1.1077829767083145,-0.3192447336033025
-0.7378063230712658,0.2732312961117544,1.0,0,1,1,0,0,0,0,-0.2631895510194618,0.7585204218171687,-1.714358106087577
1.2447454597110414,0.2732312961117544,0.0,0,1,1,0,0,0,0,-0.3529579484848483,0.8145975499093313,0.30828978440519506
0.2534695683198878,0.2732312961117544,0.0,0,1,0,1,1,1,0,-0.6437572490937546,0.7879109999121221,0.7874669238609233
1.2447454597110414,0.2732312961117544,0.0,0,1,1,1,0,0,0,-0.9255216950681819,0.7347708986167214,-0.06078440959636888
1.2447454597110414,-0.6587910139583409,0.0,1,1,1,1,0,0,1,-1.1812408829916803,0.7731025165630064,-1.5399692207850493
-0.7378063230712658,0.2732312961117544,0.0,0,1,1,0,0,0,0,-0.09354783865863821,0.8180454878511,0.2947408490651512
-0.7378063230712658,-2.5228356340985316,0.0,1,1,1,0,0,0,0,-0.8128427258022758,0.9090854673430476,-0.724355590996497
-0.7378063230712658,0.2732312961117544,1.0,1,1,0,0,1,1,0,0.8135898192384384,-1.1077829767083145,-0.8634395292591737
1.2447454597110414,0.2732312961117544,1.0,1,1,1,0,0,1,0,-0.12891614149755654,-1.1077829767083145,-0.594155590493605
-0.7378063230712658,0.2732312961117544,1.0,1,1,1,0,0,0,1,0.039293771753878416,-1.1077829767083145,-0.17733654659761747
-0.7378063230712658,0.2732312961117544,1.0,0,1,1,0,0,0,1,-0.1908312871828069,0.9196473222220657,0.5973851599921436
1.2447454597110414,0.2732312961117544,1.0,1,1,0,0,0,0,0,0.058292070374151836,-1.1077829767083145,0.10988686799186656
-0.7378063230712658,0.2732312961117544,1.0,0,1,1,0,0,1,0,1.0654752751269552,-1.1077829767083145,0.43904657575501027
-0.7378063230712658,0.2732312961117544,0.0,1,1,1,0,1,1,0,-1.0852686628946115,1.039245825078907,0.43904657575501027
2.236021351102195,-2.5228356340985316,1.0,1,1,1,0,0,0,1,0.9507637540948521,-1.1077829767083145,-0.012803201343461017
-0.7378063230712658,0.2732312961117544,1.0,1,1,1,0,0,0,0,-0.511743429101722,0.8782135862567292,0.3484046636891828
0.2534695683198878,0.2732312961117544,1.0,1,0,0,1,0,1,0,0.33104900180460384,-1.1077829767083145,0.04946445417398542
-0.7378063230712658,0.2732312961117544,0.0,0,1,0,0,0,1,0,-0.01017592587738517,-1.1077829767083145,-0.5525397120498465
-0.7378063230712658,0.2732312961117544,1.0,1,1,0,0,0,0,0,0.5557271417764572,-1.1077829767083145,0.16857026372749884
2.236021351102195,-2.5228356340985316,0.0,0,1,1,1,0,0,1,-0.547126125823499,0.8075604024681965,-1.2304204768512392
-0.7378063230712658,0.2732312961117544,1.0,1,1,1,0,0,1,0,2.143079574369876,-1.1077829767083145,-0.3192447336033025
1.2447454597110414,0.2732312961117544,1.0,1,0,1,1,0,1,0,-4.638648571776142,0.9524389239219895,-0.5525397120498465
-0.7378063230712658,0.2732312961117544,1.0,0,1,1,0,0,0,1,0.050792244597995605,0.9075106501027669,-0.3192447336033025
0.2534695683198878,0.2732312961117544,1.0,1,1,1,0,1,1,0,-0.3026966371955504,0.8650246695898871,0.46422105929097324
0.2534695683198878,-2.5228356340985316,0.0,0,1,1,1,0,0,0,-0.7101323761648336,0.7807849873754168,-0.26486531719390427
2.236021351102195,0.2732312961117544,1.0,1,1,1,0,0,1,0,0.17393714277671957,-1.1077829767083145,-0.5117562072339227
-0.7378063230712658,0.2732312961117544,0.0,1,0,0,0,1,0,1,-0.8022602746159628,-1.1077829767083145,-0.6582165845181062
1.2447454597110414,0.2732312961117544,1.0,1,1,0,0,0,0,0,0.42974608511754786,1.0727043208664,0.46422105929097324
1.2447454597110414,0.2732312961117544,1.0,1,1,1,0,1,0,0,2.1274792220435765,0.679759513511132,0.30828978440519506
1.2447454597110414,-0.6587910139583409,1.0,1,1,1,0,0,1,0,0.7269126516908189,0.8205646954732526,1.175191511934786
1.2447454597110414,0.2732312961117544,0.0,0,1,1,0,0,1,0,-0.5865703791408083,0.8379567208969593,0.04946445417398542
0.2534695683198878,0.2732312961117544,1.0,1,1,1,0,1,1,0,2.1407541519174558,0.8854255133502299,-0.8160162926245993
1.2447454597110414,0.2732312961117544,1.0,0,1,1,0,0,0,1,-0.547126125823499,0.7979225625791775,-0.012803201343461017
-0.7378063230712658,0.2732312961117544,1.0,1,0,0,1,0,0,0,0.05686632427955567,-1.1077829767083145,0.3616028150499546
2.236021351102195,0.2732312961117544,1.0,1,1,1,1,0,0,0,-0.4711241439362394,-1.1077829767083145,-0.26486531719390427
-0.7378063230712658,0.2732312961117544,1.0,1,1,1,0,0,1,0,-1.0852686628946115,0.972275498136578,-0.012803201343461017
-0.7378063230712658,0.2732312961117544,1.0,1,1,1,0,0,1,0,1.4723364883389725,-1.1077829767083145,1.2101985050505752
1.2447454597110414,0.2732312961117544,1.0,1,1,1,0,0,1,0,1.0652891130200353,-1.1077829767083145,1.3117518022683154
0.2534695683198878,0.2732312961117544,1.0,1,1,1,1,0,0,0,-1.1812408829916803,0.9059261693704034,0.03407489232129134
1.2447454597110414,0.2732312961117544,0.0,0,1,0,0,0,0,0,-0.259687138520341,-1.1077829767083145,-0.9617287853353964
0.2534695683198878,0.2732312961117544,1.0,0,1,1,0,0,0,1,2.2885666835857887,-1.1077829767083145,2.7538446847528646
1.2447454597110414,0.2732312961117544,1.0,1,1,1,0,1,1,0,0.13780585237723655,0.8655207633699971,0.43904657575501027
-0.7378063230712658,0.2732312961117544,1.0,0,1,0,0,0,0,1,-0.8431181854687347,-1.1077829767083145,-1.0916521654395093
-0.7378063230712658,0.2732312961117544,0.0,1,1,0,1,0,1,0,-0.6834704830579225,0.9404856647208141,-0.594155590493605
0.2534695683198878,0.2732312961117544,0.0,1,1,1,1,0,0,1,0.3729141042472739,0.7079302792841845,0.7443096035656478
-0.7378063230712658,0.2732312961117544,1.0,1,1,0,1,0,0,0,-0.19795916279954343,-1.1077829767083145,-0.3192447336033025
-0.7378063230712658,0.2732312961117544,1.0,1,0,0,1,1,1,0,2.195264919914004,-1.1077829767083145,1.1305703164157326
-0.7378063230712658,0.2732312961117544,0.0,0,1,1,0,0,0,0,-0.23797438454605283,0.8745306534628524,-0.16027278788678725
0.2534695683198878,-4.014071330210684,1.0,1,0,1,0,0,1,0,-0.3594732409306557,0.6526949604275151,-0.41322944521526506
-0.7378063230712658,0.2732312961117544,1.0,1,1,1,1,0,0,0,-0.741430528997781,0.8130839656627507,-0.3751141809642585
-0.7378063230712658,-5.132498102294799,0.0,1,1,1,0,0,0,1,0.15195705998246395,0.9470741173813676,-0.300956653470836
0.2534695683198878,0.2732312961117544,1.0,1,1,1,0,1,1,0,-0.5747386068236772,-1.1077829767083145,-0.6152864248387256
-0.7378063230712658,0.2732312961117544,0.0,0,1,0,0,0,0,0,0.6272243272596033,1.0594858421880367,0.9808438317267074
-0.7378063230712658,2.1372759162519452,1.0,1,0,0,0,0,0,0,-2.902534860156451,1.012629416976876,-0.26486531719390427
-0.7378063230712658,0.2732312961117544,1.0,1,0,0,0,0,1,0,-0.4393773979735462,-1.1077829767083145,-0.5117562072339227
1.2447454597110414,0.2732312961117544,1.0,1,1,1,0,0,1,0,0.23043487773600632,1.1219123752269895,0.9711106043372506
0.2534695683198878,0.2732312961117544,0.0,0,1,1,1,0,0,0,-0.053980708526020674,1.106690950705426,0.13943966449561124
-0.7378063230712658,-0.6587910139583409,1.0,1,1,1,1,0,1,0,-0.14711063364423324,0.7778437934569746,-0.07703236222851359
1.2447454597110414,0.2732312961117544,1.0,1,1,1,0,0,0,0,-0.2759524862016983,1.0594858421880367,1.2868336844484365
-0.7378063230712658,0.2732312961117544,0.0,1,1,1,0,0,0,1,2.4869020919102733,1.165834787651741,2.67077383847566
-0.7378063230712658,0.2732312961117544,1.0,0,1,0,0,0,0,1,-0.24402339056362815,-1.1077829767083145,-0.594155590493605
-0.7378063230712658,0.2732312961117544,1.0,1,1,1,0,1,0,1,-0.8153432389595474,0.9607973092240509,0.7660024386492361
0.2534695683198878,0.2732312961117544,1.0,1,0,0,0,0,0,1,1.7862014358423788,-1.1077829767083145,-2.3501102029878447
-0.7378063230712658,0.2732312961117544,1.0,0,1,0,1,0,0,0,-0.23754321375593035,0.7412672596960084,-0.5117562072339227
0.2534695683198878,0.2732312961117544,1.0,1,1,1,0,0,1,0,0.5724426303855404,0.8555419614166314,1.3445092499668658
1.2447454597110414,0.2732312961117544,1.0,1,1,1,0,0,0,1,-0.3796572881972985,0.8595037905470069,0.2811012847214943
-0.7378063230712658,-2.5228356340985316,1.0,0,1,1,0,0,1,0,-1.0506652359543558,1.165796059982659,-1.2304204768512392
-0.7378063230712658,0.2732312961117544,1.0,0,1,0,0,0,0,0,0.5071422981899899,1.0114351053760933,1.788117542869099
2.236021351102195,0.2732312961117544,1.0,1,1,1,0,0,0,0,-0.295519668847419,0.9941074158262863,0.30828978440519506
1.2447454597110414,2.1372759162519452,1.0,1,0,1,0,0,1,0,-1.1244746069990406,0.8025493686416041,-0.26486531719390427
-0.7378063230712658,0.2732312961117544,0.0,0,1,1,1,0,1,0,-0.48168420078928337,0.827834790922725,-0.09341082190198383
-0.7378063230712658,0.2732312961117544,1.0,0,1,0,0,0,1,0,0.17128941503816378,0.8438177904312234,0.7333760263436212
-0.7378063230712658,0.2732312961117544,1.0,0,0,0,1,0,0,0,-0.3253410566142967,-1.1077829767083145,-0.6152864248387256
1.2447454597110414,0.2732312961117544,1.0,1,1,1,1,0,1,0,-1.0061676345604755,0.8193822470045538,-2.1154714964752275
-0.7378063230712658,0.2732312961117544,1.0,1,1,0,0,0,1,0,-0.8022602746159628,-1.1077829767083145,-1.714358106087577
2.236021351102195,0.2732312961117544,1.0,1,1,1,0,1,0,0,0.46988343547717826,0.7673681133348899,-0.5117562072339227
1.2447454597110414,0.2732312961117544,1.0,1,1,1,0,1,0,0,0.9919039794631214,1.1844695642403444,2.67077383847566
-0.7378063230712658,0.2732312961117544,1.0,0,1,0,0,0,1,0,0.17029535109923924,0.866015905867107,-0.012803201343461017
1.2447454597110414,0.2732312961117544,1.0,1,1,1,0,1,0,0,2.216419951194601,-1.1077829767083145,2.2998483126094906
-0.7378063230712658,0.2732312961117544,1.0,1,1,1,0,0,1,0,-0.16305364180386167,-1.1077829767083145,-0.3192447336033025
0.2534695683198878,0.2732312961117544,0.0,1,1,1,1,0,1,0,0.3588885345864816,0.7684530591878511,0.45167266728134464
0.2534695683198878,0.2732312961117544,1.0,1,1,0,1,0,1,0,-0.695006358341755,0.7442570661562193,-0.6366385284875709
-0.7378063230712658,0.2732312961117544,1.0,1,1,0,1,0,1,0,0.7460126556601265,-1.1077829767083145,0.018568298456255856
-0.7378063230712658,0.2732312961117544,0.0,1,1,1,0,0,0,0,-2.1847429712464153,1.1161564520343674,1.047705797711511
2.236021351102195,0.2732312961117544,1.0,1,1,1,0,0,0,1,0.032063711708012546,-1.1077829767083145,-0.5117562072339227
1.2447454597110414,0.2732312961117544,0.0,0,1,0,0,0,0,0,-0.24186032304715732,-1.1077829767083145,-0.3192447336033025
0.2534695683198878,0.2732312961117544,0.0,0,1,0,0,0,1,0,1.530935609358952,-1.1077829767083145,0.8505371247549427
-0.7378063230712658,0.2732312961117544,1.0,1,0,0,1,1,0,1,2.2742836546592673,-1.1077829767083145,-0.06078440959636888
-0.7378063230712658,0.2732312961117544,1.0,1,1,0,1,0,0,0,-0.7715473145807615,0.8603900464461223,-0.04466490062062163
-0.7378063230712658,0.2732312961117544,1.0,1,1,1,0,0,0,1,0.5897389782430962,1.0278049945350363,1.871357968527371
1.2447454597110414,0.2732312961117544,1.0,1,1,0,0,0,1,0,-0.2293736525545523,-1.1077829767083145,-0.3751141809642585
-0.7378063230712658,0.2732312961117544,1.0,0,1,1,1,0,0,0,-0.5629963775011092,0.5153669156628623,-1.3486627152890505
2.236021351102195,-2.5228356340985316,1.0,1,1,1,0,0,0,0,0.6599621379885264,-1.1077829767083145,0.4006923302829311
0.2534695683198878,-2.5228356340985316,1.0,1,0,1,0,0,1,0,0.14624472925714477,0.9459876498607316,0.16857026372749884
-0.7378063230712658,0.2732312961117544,0.0,0,0,0,0,0,1,0,-1.044851390919501,-1.1077829767083145,-0.532045999180452
0.2534695683198878,0.2732312961117544,1.0,1,0,0,0,0,1,0,-0.21443614679718986,-1.1077829767083145,-0.6152864248387256
0.2534695683198878,0.2732312961117544,1.0,1,1,1,1,0,0,1,-0.9732660183708377,0.9150859659325924,-0.012803201343461017
-0.7378063230712658,0.2732312961117544,0.0,1,0,1,1,0,1,0,-0.5107148787967258,0.5701822108303433,-0.47177243074140923
-0.7378063230712658,0.2732312961117544,1.0,1,1,1,0,0,0,0,-0.6443174831053544,0.8484921283968131,0.3747160902523562
-0.7378063230712658,-4.759689178266761,1.0,0,1,0,1,0,1,0,-0.3446211447233315,-1.1077829767083145,-0.9617287853353964
-0.7378063230712658,0.2732312961117544,1.0,1,1,0,0,0,0,0,-0.7862136836823548,0.8253858551535705,0.23962648679576132
-0.7378063230712658,0.2732312961117544,0.0,0,0,0,0,0,1,0,0.2728945437309359,-1.1077829767083145,-0.4520707579932488
-0.7378063230712658,0.2732312961117544,1.0,1,1,1,0,0,0,0,-0.6348209071650163,0.8570827918452197,-0.3192447336033025
1.2447454597110414,0.2732312961117544,0.0,0,1,1,0,1,0,0,0.7113212102187261,-1.1077829767083145,-0.012803201343461017
0.2534695683198878,0.2732312961117544,1.0,1,1,1,1,0,0,0,-0.8072312618981643,0.8993805370508289,-0.012803201343461017
0.2534695683198878,0.2732312961117544,1.0,1,1,1,0,0,0,1,-0.3562121748606763,0.9803429063465234,0.41355740303033994
-0.7378063230712658,0.2732312961117544,0.0,0,1,1,1,0,0,1,-0.8310634147553837,0.8947752757942,0.6890458616202458
-0.7378063230712658,-2.5228356340985316,0.0,0,1,1,0,0,0,0,-0.23970026690227922,1.0505645241881565,0.04946445417398542
0.2534695683198878,0.2732312961117544,1.0,1,1,1,0,0,1,0,0.41169455319525383,0.6842985964032215,-3.2019170861977444
-0.7378063230712658,0.2732312961117544,0.0,1,0,0,0,0,0,1,-0.7019692783815659,0.8014401204602619,-0.8634395292591737
2.236021351102195,0.2732312961117544,1.0,1,1,1,0,1,1,0,1.3696206038953036,-1.1077829767083145,1.4241720082377487
-0.7378063230712658,0.2732312961117544,1.0,1,1,1,0,0,1,0,-0.11770186805512112,0.9295041194473697,0.46422105929097324
-0.7378063230712658,0.2732312961117544,1.0,1,0,1,0,0,1,0,-0.004971811488302472,0.8917707808785481,0.7002190800772985
1.2447454597110414,0.2732312961117544,1.0,1,1,1,1,0,1,0,-0.20469779696741983,0.3106174040259877,-0.3563204325672111
0.2534695683198878,0.2732312961117544,1.0,1,0,1,0,1,1,0,2.383038063071523,-1.1077829767083145,3.124939437458846
-0.7378063230712658,0.2732312961117544,1.0,1,1,1,0,0,0,0,0.5356898415771321,0.8619023010356873,1.000172007401478
-0.7378063230712658,0.2732312961117544,1.0,1,1,0,1,1,1,0,0.503135491939134,-1.1077829767083145,0.04946445417398542
1.2447454597110414,0.2732312961117544,0.0,0,1,1,0,0,0,1,1.1497071214679746,-1.1077829767083145,1.4084864903813301
-0.7378063230712658,0.2732312961117544,0.0,1,1,1,1,0,0,0,0.09803745859068783,-1.1077829767083145,-0.14335063876429482
-0.7378063230712658,0.2732312961117544,1.0,1,1,0,0,0,0,1,-0.3562121748606763,-1.1077829767083145,-1.2304204768512392
2.236021351102195,0.2732312961117544,0.0,0,1,1,0,0,0,0,-0.3253410566142967,0.9126198900476277,-0.09341082190198383
-0.7378063230712658,0.2732312961117544,1.0,0,0,0,0,0,0,1,-0.8798548467603032,-1.1077829767083145,-5.227263993982619
-0.7378063230712658,0.2732312961117544,0.0,0,1,1,0,0,0,1,-0.43594418128970297,0.8631557827842021,-0.43255762089003547
0.2534695683198878,0.2732312961117544,1.0,1,1,1,0,0,0,1,-0.3176048161167707,0.8205646954732526,0.7443096035656478
-0.7378063230712658,0.2732312961117544,0.0,0,1,1,0,0,0,1,0.30847267840004045,0.7722148679297859,0.5014094565867142
1.2447454597110414,0.2732312961117544,1.0,1,1,1,0,0,0,1,2.1406610624872036,-1.1077829767083145,1.5381182570038616
1.2447454597110414,2.1372759162519452,1.0,0,1,1,1,0,1,0,0.5877140930248458,0.8014401204602619,0.7551848680986367
2.236021351102195,0.2732312961117544,1.0,0,1,1,0,0,1,0,0.657300578059309,-1.1077829767083145,0.30828978440519506
1.2447454597110414,-4.014071330210684,1.0,1,1,1,0,0,0,1,-0.4393773979735462,0.47652254532092875,-0.3563204325672111
-0.7378063230712658,0.2732312961117544,0.0,0,1,1,0,0,1,0,-0.47513855258776466,0.8807957751063268,0.10988686799186656
-0.7378063230712658,0.2732312961117544,1.0,1,1,0,0,0,0,1,-0.40538237127140053,0.9361866259617687,-0.3192447336033025
0.2534695683198878,0.2732312961117544,1.0,1,1,1,0,0,0,0,-1.327300536988162,0.8833523973098851,-0.3751141809642585
-0.7378063230712658,0.2732312961117544,1.0,1,1,0,0,0,0,1,-0.4281252389939294,0.9524389239219895,0.45167266728134464
1.2447454597110414,0.2732312961117544,1.0,1,1,1,0,0,1,0,0.6894163558795353,-1.1077829767083145,0.9416290218753336
-0.7378063230712658,0.2732312961117544,1.0,0,1,0,0,0,0,1,-1.2810072266765735,1.5852470519030681,-0.724355590996497
-0.7378063230712658,0.2732312961117544,1.0,1,0,1,0,0,1,0,-0.43594418128970297,-1.1077829767083145,-2.5594330344656493
0.2534695683198878,0.2732312961117544,0.0,0,1,1,0,0,0,0,-1.24428200733214,-1.1077829767083145,-1.5068122745187267
0.2534695683198878,0.2732312961117544,0.0,0,1,1,0,0,0,0,-0.633707474696518,0.844087187151665,0.25354536177152076
0.2534695683198878,-4.014071330210684,1.0,0,1,1,0,0,0,0,0.032788235689549236,0.9596811586813331,0.5856323478224004
-0.7378063230712658,0.2732312961117544,1.0,1,1,1,0,0,0,1,-0.9336027970770142,0.7845421754408259,-0.43255762089003547
-0.7378063230712658,0.2732312961117544,1.0,1,0,0,1,0,1,0,-1.025388957745449,-1.1077829767083145,-1.2304204768512392
-0.7378063230712658,0.2732312961117544,1.0,1,1,0,0,0,1,0,0.19332583447390114,-1.1077829767083145,-0.6366385284875709
1.2447454597110414,0.2732312961117544,0.0,0,1,1,0,1,1,0,-0.668031867337953,-1.1077829767083145,-0.394082757437591
-0.7378063230712658,-2.5228356340985316,1.0,1,1,1,0,0,1,0,-0.5194793670731671,0.993202185335219,-1.678266769810647
1.2447454597110414,-1.5908133240284363,1.0,0,1,1,0,1,1,0,0.5557271417764572,-1.1077829767083145,0.9416290218753336
2.236021351102195,0.2732312961117544,1.0,1,1,0,0,1,1,0,1.2450973267052576,-1.1077829767083145,1.6599992530966288
-0.7378063230712658,-2.5228356340985316,1.0,1,1,1,0,0,0,0,-0.12891614149755654,0.9842840196830271,0.1972905591667682
-0.7378063230712658,0.2732312961117544,1.0,1,1,1,0,1,0,1,2.0889815156873484,-1.1077829767083145,1.4241720082377487
-0.7378063230712658,0.2732312961117544,1.0,1,1,0,1,0,0,0,-0.1394024746380422,-1.1077829767083145,-0.3192447336033025
1.2447454597110414,0.2732312961117544,1.0,0,1,1,1,1,0,0,0.6517207009173296,0.6761731123430483,0.7551848680986367
-0.7378063230712658,0.2732312961117544,0.0,0,1,0,0,0,1,0,-0.5262151883109453,-1.1077829767083145,-0.7696709506980769
-0.7378063230712658,0.2732312961117544,1.0,1,1,1,0,1,0,0,1.342453576601693,-1.1077829767083145,0.6778110824203202
1.2447454597110414,0.2732312961117544,1.0,1,1,1,0,0,0,1,0.49777693686928176,-1.1077829767083145,0.8087078166201294
2.236021351102195,-2.5228356340985316,0.0,0,0,0,0,0,0,1,-3.5816768159158947,1.6389946110198683,2.0282897867435645
-0.7378063230712658,0.2732312961117544,1.0,1,1,1,1,0,0,0,-0.5752744618033662,0.941133636787624,0.3747160902523562
2.236021351102195,0.2732312961117544,1.0,1,1,1,0,0,0,1,0.4769719682837278,-1.1077829767083145,-0.012803201343461017
-0.7378063230712658,0.2732312961117544,1.0,1,1,0,0,0,0,0,-0.20427577382371268,1.0526739035598347,0.5856323478224004
0.2534695683198878,0.2732312961117544,1.0,1,0,1,0,0,1,0,1.6310628994940934,-1.1077829767083145,2.7374990479957413
-0.7378063230712658,-2.5228356340985316,1.0,0,1,1,1,0,0,1,-0.8655725292917734,1.020702581629862,-0.012803201343461017
0.2534695683198878,0.2732312961117544,1.0,1,1,1,0,0,1,0,-0.3253410566142967,0.9126198900476277,0.5973851599921436
1.2447454597110414,0.2732312961117544,1.0,1,1,1,1,0,0,0,-0.07829985023446301,0.7650016409867594,0.4006923302829311
-0.7378063230712658,0.2732312961117544,1.0,1,1,1,0,0,0,0,-0.40394195518936266,0.8484921283968131,-0.3563204325672111
-0.7378063230712658,0.2732312961117544,1.0,1,0,0,0,0,0,0,-0.572062104386173,-1.1077829767083145,-1.2019010292098635
2.236021351102195,-2.5228356340985316,1.0,1,1,1,0,0,0,0,-0.03267912060005295,-1.1077829767083145,-2.3501102029878447
0.2534695683198878,0.2732312961117544,1.0,1,1,1,0,0,0,1,1.0159207418110514,0.3084833692916989,1.3687365519961212
1.2447454597110414,0.2732312961117544,1.0,1,1,1,0,0,0,1,0.9189719484252757,-1.1077829767083145,0.7551848680986367
-0.7378063230712658,0.2732312961117544,0.0,0,0,0,0,1,1,0,0.13780585237723655,-1.1077829767083145,0.06473873732769238
